year_edition,bib_number,height,weight,speciality_one_day_races,speciality_gc,speciality_time_trial,speciality_sprint,speciality_climber,speciality_hills,age,bmi,rank
2014,2,1.83,74.0,2277,1126,268,684,102,541,33,22.096807907073963,114.0
2014,3,1.82,69.0,506,1537,4521,29,1288,608,33,20.830817534114235,112.0
2014,4,1.79,68.0,659,2028,264,1,939,476,33,21.22280827689523,111.0
2014,5,1.73,62.0,811,3608,31,0,4074,486,30,20.715693808680545,18.0
2014,6,1.85,73.0,392,602,926,0,126,25,35,21.32943754565376,113.0
2014,7,1.72,62.0,334,7697,4287,38,4406,2044,29,20.9572742022715,23.0
2014,8,1.83,71.0,1277,6411,5423,306,4205,2692,28,21.20099137030069,22.0
2014,11,1.77,61.0,13381,13732,4946,336,15230,7433,34,19.4707778735357,4.0
2014,12,1.9,82.0,749,951,437,60,216,328,30,22.71468144044321,62.0
2014,13,1.7,58.0,622,1826,219,0,1822,218,35,20.06920415224914,19.0
2014,15,1.75,61.0,349,2139,752,0,1436,518,28,19.918367346938776,142.0
2014,17,1.91,77.0,450,2409,2023,3,1126,470,34,21.106877552698663,143.0
2014,18,1.77,70.0,3020,1993,129,1050,1390,3162,29,22.34351559258195,149.0
2014,19,1.75,63.0,5550,1979,802,64,2817,1624,31,20.571428571428573,63.0
2014,23,1.83,78.0,11319,2254,301,10136,480,5284,26,23.291229956104985,78.0
2014,24,1.74,66.0,5778,666,77,673,635,910,37,21.79944510503369,86.0
2014,25,1.85,80.0,738,292,210,406,27,145,28,23.37472607742878,144.0
2014,32,1.83,71.0,3137,1090,1106,1841,512,2612,33,21.20099137030069,87.0
2014,34,1.73,62.0,1184,5689,919,40,6358,1922,24,20.715693808680545,131.0
2014,35,1.83,71.0,1239,978,366,711,143,518,29,21.20099137030069,88.0
2014,37,1.78,70.0,1352,3473,672,192,3660,2294,29,22.09317005428608,130.0
2014,38,1.85,74.0,634,5362,5388,64,1546,746,34,21.62162162162162,27.0
2014,39,1.81,74.0,1847,930,283,228,258,480,40,22.587833094227893,132.0
2014,41,1.81,65.0,4805,9872,3781,274,9273,2889,29,19.84066420438937,1.0
2014,42,1.82,67.0,3654,6658,1693,191,5816,2402,29,20.227025721531216,34.0
2014,44,1.86,78.0,598,774,913,10,14,22,28,22.54595907041276,123.0
2014,45,1.71,67.0,1730,867,203,21,600,596,33,22.91303307000445,122.0
2014,46,1.78,65.0,792,2357,1490,10,1679,609,27,20.515086478979924,20.0
2014,47,1.74,62.0,1579,4968,1302,64,4568,1392,34,20.478266613819528,120.0
2014,48,1.85,70.0,139,516,47,20,113,173,33,20.45288531775018,119.0
2014,49,1.85,74.0,384,1597,2720,45,352,431,31,21.62162162162162,121.0
2014,51,1.82,78.0,9426,1797,1335,5996,2578,8566,24,23.54788069073783,46.0
2014,52,1.86,77.0,303,883,3562,86,18,138,29,22.25690831309978,91.0
2014,55,1.83,72.0,704,522,578,12,205,174,27,21.49959688255845,148.0
2014,56,1.74,67.0,3321,1701,156,84,428,785,30,22.12973972783723,85.0
2014,58,1.87,74.0,506,578,87,284,61,285,29,21.161600274528865,89.0
2014,61,1.84,64.0,5218,6013,2080,179,7443,4110,27,18.90359168241966,10.0
2014,62,1.91,75.0,1484,2101,2981,485,145,585,28,20.558646966914285,92.0
2014,64,1.78,63.0,344,4479,1440,16,3983,1318,27,19.883853048857468,15.0
2014,66,1.81,71.0,1143,1186,308,18,130,344,35,21.672110130948383,51.0
2014,68,1.9,77.0,4870,782,267,970,380,1748,25,21.32963988919668,93.0
2014,72,1.77,67.0,1991,2656,314,100,1758,1818,28,21.38593635289987,24.0
2014,74,1.76,68.0,4717,3670,3561,281,3312,3584,24,21.952479338842977,42.0
2014,75,1.85,75.0,408,3738,10664,165,829,1670,29,21.91380569758948,41.0
2014,76,1.85,70.0,3265,1323,334,4716,508,2990,40,20.45288531775018,163.0
2014,77,1.79,74.0,1363,555,301,896,14,155,31,23.095409007209515,77.0
2014,78,1.9,75.0,4666,2405,1739,792,193,1126,30,20.775623268698062,127.0
2014,79,1.79,74.0,5446,1019,334,1994,1014,4131,24,23.095409007209515,76.0
2014,81,1.72,62.0,159,3073,1651,0,1654,549,37,20.9572742022715,2.0
2014,82,1.85,65.0,3401,6495,401,366,8511,2067,23,18.991964937910883,6.0
2014,83,1.83,65.0,654,1318,0,24,597,486,28,19.40935829675416,28.0
2014,84,1.59,57.0,3742,1279,91,807,272,1494,33,22.54657648036074,83.0
2014,92,1.75,63.0,91,582,212,6,304,166,28,20.571428571428573,138.0
2014,93,1.91,74.0,702,775,773,60,120,206,29,20.28453167402209,61.0
2014,94,1.8,61.0,409,482,12,66,119,200,26,18.82716049382716,155.0
2014,95,1.83,68.0,245,437,368,5,458,264,25,20.305174833527424,21.0
2014,96,1.78,67.0,2265,1255,1114,163,88,488,29,21.146319909102385,139.0
2014,97,1.9,79.0,1113,1025,1203,368,304,1050,26,21.88365650969529,48.0
2014,98,1.69,57.0,1496,1293,223,12,1284,896,25,19.95728440880922,59.0
2014,101,1.88,82.0,1908,820,833,2994,1,231,26,23.20054323223178,80.0
2014,102,1.88,73.0,1253,361,0,20,32,54,34,20.65414214576732,73.0
2014,104,1.8,82.0,6464,1231,297,3248,315,3315,25,25.30864197530864,82.0
2014,105,1.77,65.0,1594,1907,796,85,890,1106,30,20.747550193111813,75.0
2014,106,1.85,69.0,1147,4404,6256,100,3163,2211,23,20.16070124178232,32.0
2014,107,1.78,67.0,5,118,0,0,0,0,26,21.146319909102385,164.0
2014,108,1.86,77.0,165,472,134,33,62,4,29,22.25690831309978,74.0
2014,112,1.81,70.0,1187,605,6,1023,141,1472,24,21.36686914318855,84.0
2014,113,1.7,56.0,527,585,103,0,482,66,26,19.377162629757787,37.0
2014,114,1.8,70.0,1585,4145,1095,30,2108,572,42,21.604938271604937,17.0
2014,116,1.8,67.0,624,1209,3816,24,546,884,25,20.679012345679013,64.0
2014,121,1.81,76.0,6782,1536,483,8072,206,2572,22,23.198315069747565,157.0
2014,122,1.85,80.0,1018,469,448,341,42,350,32,23.37472607742878,158.0
2014,123,1.8,70.0,904,705,18,98,64,139,28,21.604938271604937,159.0
2014,124,1.82,65.0,402,1021,123,33,771,516,28,19.6232339089482,26.0
2014,125,1.82,73.0,1441,1455,232,167,160,343,29,22.03840115928028,69.0
2014,126,1.77,68.0,562,426,15,4,43,22,29,21.705129432793896,101.0
2014,127,1.8,63.0,1919,6908,1547,4,7740,1538,24,19.444444444444443,3.0
2014,128,1.86,70.0,533,1233,1404,131,360,284,31,20.23355301190889,49.0
2014,134,1.81,69.0,3129,2384,1086,161,2265,2392,26,21.06162815542871,31.0
2014,135,1.84,80.0,4643,1935,529,5032,278,2225,31,23.62948960302457,79.0
2014,136,1.85,72.0,308,1228,287,4,376,303,33,21.0372534696859,66.0
2014,138,1.84,78.0,3248,1261,589,760,268,1159,28,23.03875236294896,125.0
2014,139,1.98,80.0,1561,539,353,78,30,152,32,20.40608101214162,124.0
2014,143,1.89,75.0,1633,722,180,78,128,548,31,20.99605274208449,117.0
2014,144,1.8,69.0,360,1396,133,0,597,212,32,21.29629629629629,118.0
2014,145,1.91,75.0,1298,735,423,400,246,938,27,20.558646966914285,60.0
2014,147,1.8,63.0,299,1036,65,8,534,138,26,19.444444444444443,29.0
2014,149,1.81,63.0,1029,1575,1511,17,919,967,29,19.23018222886969,116.0
2014,151,1.84,70.0,502,3339,250,20,3300,642,27,20.6758034026465,11.0
2014,152,1.7,64.0,1753,1228,270,178,246,413,29,22.145328719723185,98.0
2014,153,1.71,59.0,3161,1240,289,3304,210,2571,22,20.177148524332274,81.0
2014,154,1.69,65.0,1492,1018,95,40,780,726,26,22.758306781975424,25.0
2014,155,1.75,67.0,329,534,46,204,16,24,33,21.877551020408163,99.0
2014,157,1.81,67.0,153,351,60,0,142,46,30,20.45114617990904,58.0
2014,158,1.86,71.0,402,231,47,124,148,816,26,20.52260376922188,68.0
2014,159,1.74,71.0,3202,3209,566,181,1965,1025,35,23.450918219051392,30.0
2014,161,1.86,65.0,3419,5144,683,11,3843,734,34,18.78829922534397,12.0
2014,165,1.86,80.0,1769,919,403,96,37,238,34,23.12406058503873,90.0
2014,168,1.9,76.0,1600,6069,5462,226,1015,749,42,21.05263157894737,54.0
2014,169,1.79,68.0,1008,5327,1801,0,2781,622,37,21.22280827689523,8.0
2014,171,1.74,60.0,291,2602,254,0,2052,379,30,19.817677368212443,109.0
2014,172,1.76,60.0,475,1575,78,0,1012,448,26,19.3698347107438,57.0
2014,173,1.8,70.0,291,339,41,26,60,188,28,21.604938271604937,110.0
2014,174,1.82,73.0,739,853,962,195,27,170,31,22.03840115928028,106.0
2014,175,1.78,68.0,526,1154,60,3,725,434,30,21.461936624163616,44.0
2014,176,1.78,62.0,1475,1661,161,56,1695,1042,24,19.56823633379624,40.0
2014,177,1.88,80.0,1853,385,365,665,8,141,23,22.634676324128566,107.0
2014,178,1.76,65.0,3411,1255,209,238,928,2078,28,20.983987603305785,71.0
2014,181,1.69,62.0,4415,2136,383,60,1252,2100,34,21.707923392038097,50.0
2014,182,1.72,65.0,2986,2065,423,188,1428,2018,33,21.97133585722012,53.0
2014,183,1.75,63.0,2436,1580,139,266,1374,1707,27,20.571428571428573,140.0
2014,184,1.87,78.0,878,1306,2371,154,62,364,23,22.305470559638533,96.0
2014,185,1.9,78.0,2299,893,152,220,49,112,36,21.606648199445985,94.0
2014,186,1.85,69.0,2027,1149,163,349,208,1055,25,20.16070124178232,95.0
2014,188,1.75,77.0,400,1015,2902,0,32,11,37,25.142857142857142,97.0
2014,192,1.81,73.0,3106,5574,5723,342,1368,1664,35,22.28259210646805,52.0
2014,193,1.82,73.0,2968,1838,1415,146,411,805,35,22.03840115928028,56.0
2014,195,1.97,80.0,381,756,653,4,73,166,28,20.61377515524749,135.0
2014,196,1.92,83.0,472,515,490,259,68,174,28,22.51519097222222,133.0
2014,197,1.76,65.0,2235,1156,258,201,310,806,34,20.983987603305785,55.0
2014,199,1.77,63.0,214,913,428,0,352,38,28,20.109164033323754,134.0
2014,201,1.78,62.0,256,1417,661,8,1297,166,26,19.56823633379624,7.0
2014,202,1.84,75.0,374,1491,2605,60,288,167,29,22.152646502835537,128.0
2014,205,1.83,69.0,224,1061,571,6,386,100,33,20.603780345785182,65.0
2014,206,1.78,63.0,393,3123,1711,20,804,256,28,19.883853048857468,33.0
2014,211,1.9,69.0,173,999,172,4,636,148,28,19.113573407202217,16.0
2014,212,1.92,73.0,315,93,0,0,24,0,30,19.80251736111111,104.0
2014,213,1.81,65.0,1247,950,591,50,216,400,24,19.84066420438937,102.0
2014,214,1.74,62.0,3094,504,252,677,79,437,30,20.478266613819528,108.0
2014,215,1.68,56.0,866,269,12,105,34,168,25,19.841269841269845,103.0
2014,216,1.84,70.0,779,503,468,0,66,60,29,20.6758034026465,100.0
2014,217,1.95,71.0,139,336,1,0,77,0,31,18.671926364234057,105.0
2014,219,1.79,65.0,1110,685,55,66,86,108,29,20.286507911738084,70.0
2015,1,1.81,65.0,4805,9872,3781,274,9273,2889,30,19.84066420438937,4.0
2015,3,1.82,67.0,3654,6658,1693,191,5816,2402,30,20.227025721531216,22.0
2015,6,1.78,65.0,792,2357,1490,10,1679,609,28,20.515086478979924,31.0
2015,7,1.74,62.0,1579,4968,1302,64,4568,1392,35,20.478266613819528,112.0
2015,8,1.86,73.0,737,3007,1574,33,1852,678,28,21.10070528384784,111.0
2015,9,1.85,74.0,384,1597,2720,45,352,431,32,21.62162162162162,110.0
2015,12,1.85,65.0,3401,6495,401,366,8511,2067,24,18.991964937910883,9.0
2015,13,1.77,67.0,1991,2656,314,100,1758,1818,29,21.38593635289987,20.0
2015,14,1.83,65.0,654,1318,0,24,597,486,29,19.40935829675416,18.0
2015,16,1.9,85.0,746,667,1036,286,12,39,28,23.545706371191137,128.0
2015,19,1.73,60.0,1544,1578,98,41,1616,884,27,20.04744562130375,30.0
2015,21,1.8,63.0,1919,6908,1547,4,7740,1538,25,19.444444444444443,16.0
2015,23,1.83,77.0,722,421,0,347,12,192,34,22.99262444384723,160.0
2015,24,1.81,76.0,6782,1536,483,8072,206,2572,23,23.198315069747565,79.0
2015,26,1.82,73.0,1441,1455,232,167,160,343,30,22.03840115928028,61.0
2015,28,1.86,70.0,533,1233,1404,131,360,284,32,20.23355301190889,64.0
2015,29,1.85,72.0,1260,771,672,10,249,106,33,21.0372534696859,99.0
2015,31,1.86,68.0,385,8296,4389,188,6508,2328,30,19.65545149728292,1.0
2015,35,1.72,62.0,334,7697,4287,38,4406,2044,30,20.9572742022715,32.0
2015,36,1.78,70.0,1352,3473,672,192,3660,2294,30,22.09317005428608,35.0
2015,37,1.85,72.0,1185,466,142,170,49,413,25,21.0372534696859,93.0
2015,38,1.9,83.0,1120,651,445,238,9,206,28,22.99168975069252,95.0
2015,39,1.83,71.0,1277,6411,5423,306,4205,2692,29,21.20099137030069,15.0
2015,41,1.76,61.0,770,11393,6093,102,8230,2379,32,19.6926652892562,5.0
2015,44,1.83,65.0,2417,5077,2171,49,4204,1572,29,19.40935829675416,17.0
2015,46,1.85,74.0,634,5362,5388,64,1546,746,35,21.62162162162162,33.0
2015,47,1.82,78.0,9426,1797,1335,5996,2578,8566,25,23.54788069073783,38.0
2015,48,1.81,74.0,1847,930,283,228,258,480,41,22.587833094227893,87.0
2015,49,1.79,71.0,2927,1193,453,446,1013,1864,23,22.15910864205237,100.0
2015,51,1.67,58.0,829,9465,1274,34,7897,1962,25,20.7967298935064,2.0
2015,52,1.79,65.0,320,895,222,20,766,160,26,20.286507911738084,47.0
2015,52,1.79,65.0,320,895,222,20,766,160,26,20.286507911738084,148.0
2015,53,1.71,62.0,263,2091,4574,1,1080,337,28,21.20310522895934,48.0
2015,53,1.71,62.0,263,2091,4574,1,1080,337,28,21.20310522895934,152.0
2015,54,1.82,75.0,98,686,3466,33,48,207,26,22.6421929718633,153.0
2015,55,1.9,82.0,749,951,437,60,216,328,31,22.71468144044321,149.0
2015,56,1.75,65.0,580,1114,326,15,728,314,29,21.22448979591837,136.0
2015,57,1.76,66.0,1422,2362,764,68,1924,1458,27,21.306818181818183,25.0
2015,57,1.76,66.0,1422,2362,764,68,1924,1458,27,21.306818181818183,151.0
2015,58,1.82,68.0,103,676,3195,0,88,119,27,20.52892162782273,150.0
2015,59,1.77,61.0,13381,13732,4946,336,15230,7433,35,19.4707778735357,3.0
2015,62,1.79,67.0,840,4788,1314,70,4552,1697,27,20.91070815517618,116.0
2015,63,1.82,72.0,50,2793,6342,26,962,1256,25,21.736505252988767,53.0
2015,64,1.91,75.0,1298,735,423,400,246,938,28,20.558646966914285,114.0
2015,65,1.85,74.0,932,1245,1915,175,37,125,35,21.62162162162162,115.0
2015,66,1.75,65.0,4437,6959,2533,98,6118,2004,37,21.22448979591837,12.0
2015,67,1.98,78.0,802,971,154,18,116,180,28,19.89592898683808,88.0
2015,71,1.81,69.0,3129,2384,1086,161,2265,2392,27,21.06162815542871,36.0
2015,72,1.9,76.0,1189,2286,963,83,423,362,35,21.05263157894737,113.0
2015,74,1.84,77.0,2284,522,65,967,50,328,25,22.74338374291116,103.0
2015,75,1.84,80.0,4643,1935,529,5032,278,2225,32,23.62948960302457,68.0
2015,76,1.85,72.0,308,1228,287,4,376,303,34,21.0372534696859,107.0
2015,78,1.98,80.0,1561,539,353,78,30,152,33,20.40608101214162,84.0
2015,79,1.82,71.0,4124,4296,1406,347,2405,2854,24,21.434609346697258,101.0
2015,81,1.8,82.0,6464,1231,297,3248,315,3315,26,25.30864197530864,67.0
2015,82,1.83,61.0,2731,3000,100,278,3917,1970,23,18.21493624772313,14.0
2015,83,1.88,73.0,1253,361,0,20,32,54,35,20.65414214576732,156.0
2015,86,1.71,64.0,1572,1563,668,24,1657,1033,29,21.887076365377386,57.0
2015,87,1.9,68.0,318,408,401,16,374,579,25,18.83656509695291,52.0
2015,88,1.93,77.0,898,578,72,164,1,90,26,20.671695884453275,155.0
2015,89,1.86,77.0,165,472,134,33,62,4,30,22.25690831309978,154.0
2015,91,1.69,58.0,5300,7630,1382,62,9164,2734,36,20.307412205454995,49.0
2015,93,1.9,80.0,722,371,1,261,20,281,27,22.1606648199446,76.0
2015,94,1.78,72.0,1337,671,79,274,88,578,24,22.724403484408533,138.0
2015,96,1.83,78.0,11319,2254,301,10136,480,5284,27,23.291229956104985,70.0
2015,97,1.8,69.0,240,1094,226,0,378,236,33,21.29629629629629,89.0
2015,98,1.78,63.0,393,3123,1711,20,804,256,29,19.883853048857468,137.0
2015,103,1.87,78.0,878,1306,2371,154,62,364,24,22.305470559638533,144.0
2015,104,1.81,72.0,1785,1893,1031,285,1122,2818,30,21.97735111870822,147.0
2015,105,1.78,72.0,7974,867,1678,1434,2279,7616,24,22.724403484408533,145.0
2015,106,1.75,77.0,400,1015,2902,0,32,11,38,25.142857142857142,143.0
2015,107,1.86,68.0,817,2801,405,14,1158,706,34,19.65545149728292,106.0
2015,108,1.73,58.0,2349,7079,1216,64,7222,2004,22,19.37919743392696,34.0
2015,109,1.72,58.0,1188,5805,1215,36,6211,1839,22,19.60519199567334,146.0
2015,111,1.76,68.0,4717,3670,3561,281,3312,3584,25,21.952479338842977,45.0
2015,112,1.75,70.0,3067,1502,712,6826,79,2065,30,22.857142857142858,69.0
2015,114,1.85,75.0,408,3738,10664,165,829,1670,30,21.91380569758948,96.0
2015,115,1.79,74.0,1363,555,301,896,14,155,32,23.095409007209515,94.0
2015,116,1.83,68.0,3789,1449,235,968,642,1997,29,20.305174833527424,92.0
2015,117,1.79,74.0,5446,1019,334,1994,1014,4131,25,23.095409007209515,105.0
2015,118,1.73,63.0,3086,5913,1804,60,6462,2170,28,21.04981790236894,44.0
2015,119,1.79,74.0,567,674,428,71,52,186,25,23.095409007209515,104.0
2015,121,1.84,70.0,502,3339,250,20,3300,642,28,20.6758034026465,10.0
2015,122,1.71,59.0,3161,1240,289,3304,210,2571,23,20.177148524332274,71.0
2015,123,1.69,65.0,1492,1018,95,40,780,726,27,22.758306781975424,29.0
2015,124,1.75,67.0,329,534,46,204,16,24,34,21.877551020408163,118.0
2015,126,1.81,67.0,153,351,60,0,142,46,31,20.45114617990904,40.0
2015,127,1.79,63.0,390,1096,340,4,546,208,27,19.66230766829999,24.0
2015,129,1.74,71.0,3202,3209,566,181,1965,1025,36,23.450918219051392,159.0
2015,131,1.9,70.0,2888,5209,1196,30,4250,1400,29,19.390581717451525,6.0
2015,132,1.85,65.0,754,6079,2699,84,5112,2562,24,18.991964937910883,86.0
2015,133,1.78,63.0,344,4479,1440,16,3983,1318,28,19.883853048857468,21.0
2015,135,1.78,69.0,1711,1162,482,17,326,972,31,21.777553339224845,91.0
2015,136,1.81,71.0,1143,1186,308,18,130,344,36,21.672110130948383,42.0
2015,139,1.9,77.0,4870,782,267,970,380,1748,26,21.32963988919668,125.0
2015,141,1.84,64.0,5218,6013,2080,179,7443,4110,28,18.90359168241966,7.0
2015,143,1.86,80.0,6865,1866,12014,1352,388,2364,34,23.12406058503873,97.0
2015,144,1.82,72.0,1734,1866,2517,30,418,337,35,21.736505252988767,142.0
2015,147,1.89,70.0,1245,2624,2692,403,1652,1282,22,19.59631589261219,27.0
2015,148,1.86,80.0,1769,919,403,96,37,238,35,23.12406058503873,81.0
2015,149,1.79,68.0,1008,5327,1801,0,2781,622,38,21.22280827689523,28.0
2015,153,1.81,70.0,1187,605,6,1023,141,1472,25,21.36686914318855,73.0
2015,154,1.7,56.0,527,585,103,0,482,66,27,19.377162629757787,46.0
2015,155,1.8,67.0,624,1209,3816,24,546,884,26,20.679012345679013,43.0
2015,156,1.91,77.0,450,2409,2023,3,1126,470,35,21.106877552698663,56.0
2015,157,1.83,73.0,6233,1123,483,468,558,1959,33,21.798202394816204,132.0
2015,159,1.79,64.0,295,1209,78,6,666,324,28,19.97440779001904,141.0
2015,161,1.75,63.0,59,2636,1650,5,1759,930,26,20.571428571428573,11.0
2015,162,1.91,74.0,702,775,773,60,120,206,30,20.28453167402209,135.0
2015,164,1.87,73.0,1726,2571,824,60,2890,947,34,20.875632703251448,23.0
2015,165,1.83,72.0,704,522,578,12,205,174,28,21.49959688255845,133.0
2015,168,1.9,79.0,1113,1025,1203,368,304,1050,27,21.88365650969529,134.0
2015,172,1.76,60.0,475,1575,78,0,1012,448,27,19.3698347107438,130.0
2015,173,1.91,76.0,4166,950,901,2068,368,1738,22,20.83276225980648,80.0
2015,174,1.78,68.0,526,1154,60,3,725,434,31,21.461936624163616,50.0
2015,175,1.74,60.0,291,2602,254,0,2052,379,31,19.817677368212443,131.0
2015,176,1.79,77.0,3074,731,203,1092,100,1251,21,24.031709372366656,78.0
2015,177,1.76,65.0,3411,1255,209,238,928,2078,29,20.983987603305785,77.0
2015,178,1.77,70.0,222,402,154,380,72,228,27,22.34351559258195,74.0
2015,179,1.84,73.0,819,175,3,92,2,102,25,21.56190926275992,124.0
2015,181,1.76,64.0,705,2877,600,5,1998,630,28,20.66115702479339,8.0
2015,183,1.81,73.0,3106,5574,5723,342,1368,1664,36,22.28259210646805,54.0
2015,186,1.82,73.0,2968,1838,1415,146,411,805,36,22.03840115928028,98.0
2015,187,1.97,80.0,381,756,653,4,73,166,29,20.61377515524749,58.0
2015,188,1.73,61.0,248,979,152,38,1102,826,26,20.381569714992143,19.0
2015,189,1.77,63.0,214,913,428,0,352,38,29,20.109164033323754,83.0
2015,192,1.84,75.0,374,1491,2605,60,288,167,30,22.152646502835537,59.0
2015,193,1.78,73.0,2662,556,135,4424,130,1900,24,23.04002019946976,158.0
2015,196,1.83,69.0,224,1061,571,6,386,100,34,20.603780345785182,139.0
2015,197,1.81,64.0,179,704,297,14,342,80,30,19.53542321662953,140.0
2015,198,1.88,72.0,524,307,37,7,52,35,31,20.37120869171571,127.0
2015,201,1.73,59.0,579,1532,410,154,652,244,24,19.71332152761536,41.0
2015,202,1.89,73.0,38,54,9,0,12,0,26,20.43615800229557,122.0
2015,203,1.81,65.0,1247,950,591,50,216,400,25,19.84066420438937,65.0
2015,204,1.72,66.0,2264,2713,373,25,844,434,36,22.30935640886966,123.0
2015,205,1.9,69.0,173,999,172,4,636,148,29,19.113573407202217,66.0
2015,206,1.68,56.0,866,269,12,105,34,168,26,19.841269841269845,121.0
2015,207,1.84,70.0,779,503,468,0,66,60,30,20.6758034026465,120.0
2015,208,1.82,69.0,735,708,220,56,250,318,28,20.830817534114235,63.0
2015,209,1.79,65.0,1110,685,55,66,86,108,30,20.286507911738084,119.0
2015,216,1.73,58.0,633,1610,280,84,962,530,21,19.37919743392696,60.0
2015,218,1.77,65.0,472,1317,49,0,1331,494,31,20.747550193111813,13.0
2015,219,1.88,70.0,510,431,651,10,158,82,26,19.80534178361249,37.0
2016,1,1.86,68.0,385,8296,4389,188,6508,2328,31,19.65545149728292,1.0
2016,2,1.7,61.0,1622,3623,561,37,3050,1570,28,21.10726643598616,12.0
2016,3,1.82,69.0,506,1537,4521,29,1288,608,35,20.830817534114235,77.0
2016,5,1.73,62.0,811,3608,31,0,4074,486,32,20.715693808680545,17.0
2016,7,1.85,72.0,1185,466,142,170,49,413,26,21.0372534696859,75.0
2016,8,1.9,83.0,1120,651,445,238,9,206,29,22.99168975069252,76.0
2016,9,1.83,71.0,1277,6411,5423,306,4205,2692,30,21.20099137030069,15.0
2016,11,1.67,58.0,829,9465,1274,34,7897,1962,26,20.7967298935064,3.0
2016,12,1.77,61.0,13381,13732,4946,336,15230,7433,36,19.4707778735357,6.0
2016,13,1.79,65.0,320,895,222,20,766,160,27,20.286507911738084,47.0
2016,14,1.9,82.0,749,951,437,60,216,328,32,22.71468144044321,71.0
2016,16,1.76,66.0,1422,2362,764,68,1924,1458,28,21.306818181818183,46.0
2016,19,1.8,67.0,624,1209,3816,24,546,884,27,20.679012345679013,49.0
2016,21,1.83,63.0,932,3573,580,20,4035,1115,25,18.812147272238644,13.0
2016,22,1.81,65.0,4805,9872,3781,274,9273,2889,31,19.84066420438937,30.0
2016,25,1.78,65.0,792,2357,1490,10,1679,609,29,20.515086478979924,26.0
2016,27,1.78,65.0,1042,940,344,26,1064,416,27,20.515086478979924,36.0
2016,28,1.86,73.0,2016,5925,2994,72,3076,2537,32,21.10070528384784,59.0
2016,29,1.78,63.0,689,1598,114,2,1450,766,38,19.883853048857468,67.0
2016,32,1.82,78.0,9426,1797,1335,5996,2578,8566,26,23.54788069073783,79.0
2016,33,1.86,77.0,303,883,3562,86,18,138,31,22.25690831309978,97.0
2016,36,1.83,65.0,2417,5077,2171,49,4204,1572,30,19.40935829675416,10.0
2016,37,1.73,62.0,1184,5689,919,40,6358,1922,26,20.715693808680545,27.0
2016,38,1.81,74.0,1847,930,283,228,258,480,42,22.587833094227893,109.0
2016,39,1.79,71.0,2927,1193,453,446,1013,1864,24,22.15910864205237,110.0
2016,41,1.85,65.0,3401,6495,401,366,8511,2067,25,18.991964937910883,2.0
2016,42,1.77,67.0,1991,2656,314,100,1758,1818,30,21.38593635289987,45.0
2016,43,1.83,65.0,654,1318,0,24,597,486,30,19.40935829675416,31.0
2016,45,1.9,73.0,282,763,142,5,223,54,28,20.221606648199447,108.0
2016,46,1.69,65.0,1492,1018,95,40,780,726,28,22.758306781975424,64.0
2016,47,1.76,70.0,585,659,556,80,162,284,23,22.59814049586777,107.0
2016,48,1.65,53.0,2678,6519,819,45,6306,1833,33,19.467401285583104,48.0
2016,49,1.73,60.0,1544,1578,98,41,1616,884,28,20.04744562130375,20.0
2016,51,1.85,65.0,754,6079,2699,84,5112,2562,25,18.991964937910883,33.0
2016,52,1.81,58.0,869,3482,266,86,2902,1084,26,17.70397729007051,28.0
2016,53,1.77,70.0,4065,385,15,8072,38,1031,23,22.34351559258195,86.0
2016,54,1.8,69.0,604,530,21,100,180,111,27,21.29629629629629,137.0
2016,55,1.78,69.0,1711,1162,482,17,326,972,32,21.777553339224845,134.0
2016,56,1.93,78.0,1030,422,200,386,146,551,23,20.94015946736825,135.0
2016,57,1.9,77.0,4870,782,267,970,380,1748,27,21.32963988919668,138.0
2016,58,1.86,75.0,679,374,301,90,0,3,33,21.678806798473808,136.0
2016,59,1.9,74.0,1352,596,127,120,32,88,34,20.498614958448755,139.0
2016,61,1.84,64.0,5218,6013,2080,179,7443,4110,29,18.90359168241966,11.0
2016,62,1.86,80.0,6865,1866,12014,1352,388,2364,35,23.12406058503873,93.0
2016,64,1.86,80.0,1769,919,403,96,37,238,36,23.12406058503873,173.0
2016,66,1.8,63.0,299,1036,65,8,534,138,28,19.444444444444443,34.0
2016,67,1.87,78.0,4842,1314,284,1602,697,3441,24,22.305470559638533,92.0
2016,68,1.83,72.0,2741,676,131,1622,26,1007,25,21.49959688255845,172.0
2016,69,1.79,68.0,1008,5327,1801,0,2781,622,39,21.22280827689523,24.0
2016,71,1.76,64.0,705,2877,600,5,1998,630,29,20.66115702479339,52.0
2016,72,1.81,66.0,106,1252,3248,32,572,414,33,20.1459051921492,18.0
2016,73,1.78,64.0,531,1959,2514,2,492,520,29,20.199469763918696,55.0
2016,74,1.82,73.0,2968,1838,1415,146,411,805,37,22.03840115928028,105.0
2016,75,1.71,69.0,279,271,56,362,38,184,22,23.59700420642249,89.0
2016,76,1.97,80.0,381,756,653,4,73,166,30,20.61377515524749,104.0
2016,77,1.79,72.0,597,243,185,122,6,184,26,22.47120876377142,163.0
2016,78,1.84,74.0,4340,1447,49,756,415,2328,25,21.85727788279773,106.0
2016,79,1.73,61.0,248,979,152,38,1102,826,27,20.381569714992143,19.0
2016,81,1.84,70.0,502,3339,250,20,3300,642,29,20.6758034026465,16.0
2016,83,1.78,69.0,211,862,1540,41,522,500,24,21.777553339224845,54.0
2016,83,1.78,69.0,211,862,1540,41,522,500,24,21.777553339224845,155.0
2016,85,1.83,72.0,704,522,578,12,205,174,29,21.49959688255845,121.0
2016,87,1.9,79.0,1113,1025,1203,368,304,1050,28,21.88365650969529,91.0
2016,87,1.9,79.0,1113,1025,1203,368,304,1050,28,21.88365650969529,156.0
2016,88,1.69,57.0,1496,1293,223,12,1284,896,27,19.95728440880922,60.0
2016,91,1.72,62.0,334,7697,4287,38,4406,2044,31,20.9572742022715,5.0
2016,92,1.8,70.0,470,1673,1237,52,694,678,32,21.604938271604937,118.0
2016,93,1.89,75.0,1633,722,180,78,128,548,33,20.99605274208449,117.0
2016,94,1.79,67.0,840,4788,1314,70,4552,1697,28,20.91070815517618,22.0
2016,95,1.82,72.0,50,2793,6342,26,962,1256,26,21.736505252988767,96.0
2016,96,1.8,69.0,360,1396,133,0,597,212,34,21.29629629629629,65.0
2016,97,1.98,78.0,802,971,154,18,116,180,29,19.89592898683808,119.0
2016,101,1.75,70.0,3067,1502,712,6826,79,2065,31,22.857142857142858,87.0
2016,102,1.82,66.0,723,920,219,126,266,232,25,19.925129815239703,125.0
2016,105,1.83,74.0,2277,1126,268,684,102,541,35,22.096807907073963,128.0
2016,105,1.83,74.0,2277,1126,268,684,102,541,35,22.096807907073963,174.0
2016,107,1.77,65.0,472,1317,49,0,1331,494,32,20.747550193111813,56.0
2016,108,1.79,74.0,1363,555,301,896,14,155,33,23.095409007209515,127.0
2016,109,1.88,70.0,510,431,651,10,158,82,27,19.80534178361249,124.0
2016,111,1.83,61.0,2731,3000,100,278,3917,1970,24,18.21493624772313,23.0
2016,112,1.88,73.0,1253,361,0,20,32,54,36,20.65414214576732,162.0
2016,113,1.8,82.0,6464,1231,297,3248,315,3315,27,25.30864197530864,82.0
2016,114,1.85,69.0,1147,4404,6256,100,3163,2211,25,20.16070124178232,95.0
2016,116,1.9,68.0,318,408,401,16,374,579,26,18.83656509695291,51.0
2016,119,1.86,77.0,165,472,134,33,62,4,31,22.25690831309978,161.0
2016,124,1.86,74.0,365,1525,604,4,563,292,33,21.389756041160823,40.0
2016,126,1.78,64.0,768,2042,123,0,1826,372,27,20.199469763918696,14.0
2016,131,1.8,59.0,816,3249,233,80,2960,840,23,18.20987654320988,21.0
2016,132,1.82,79.0,299,151,63,131,60,148,27,23.849776597029344,133.0
2016,133,1.84,75.0,374,1491,2605,60,288,167,31,22.152646502835537,132.0
2016,134,1.7,63.0,406,498,3,16,254,172,28,21.79930795847751,114.0
2016,135,1.78,73.0,2662,556,135,4424,130,1900,25,23.04002019946976,171.0
2016,135,1.78,73.0,2662,556,135,4424,130,1900,25,23.04002019946976,175.0
2016,136,1.83,69.0,224,1061,571,6,386,100,35,20.603780345785182,38.0
2016,137,1.81,64.0,1499,2667,458,88,2686,1666,24,19.53542321662953,44.0
2016,138,1.88,72.0,524,307,37,7,52,35,32,20.37120869171571,115.0
2016,139,1.78,66.0,524,513,217,30,148,330,30,20.83070319404116,116.0
2016,141,1.69,58.0,5300,7630,1382,62,9164,2734,37,20.307412205454995,7.0
2016,144,1.83,78.0,11319,2254,301,10136,480,5284,28,23.291229956104985,80.0
2016,145,1.8,69.0,240,1094,226,0,378,236,34,21.29629629629629,61.0
2016,146,1.83,71.0,1239,978,366,711,143,518,31,21.20099137030069,158.0
2016,148,1.7,60.0,1824,1763,1320,104,546,668,39,20.761245674740486,159.0
2016,149,1.87,67.0,416,3286,1200,10,2876,760,26,19.159827275586945,25.0
2016,151,1.82,69.0,4401,6234,1621,97,5354,2698,29,20.830817534114235,41.0
2016,152,1.7,64.0,1753,1228,270,178,246,413,31,22.145328719723185,111.0
2016,153,1.71,60.0,284,445,2,0,64,51,32,20.519134092541297,165.0
2016,155,1.7,56.0,527,585,103,0,482,66,28,19.377162629757787,112.0
2016,156,1.75,63.0,281,851,455,2,292,188,24,20.571428571428573,35.0
2016,157,1.73,58.0,669,3277,347,100,3326,484,24,19.37919743392696,8.0
2016,159,1.72,62.0,782,1536,404,74,1289,702,24,20.9572742022715,42.0
2016,161,1.84,80.0,4643,1935,529,5032,278,2225,33,23.62948960302457,83.0
2016,162,1.9,76.0,1189,2286,963,83,423,362,36,21.05263157894737,146.0
2016,165,1.81,69.0,3129,2384,1086,161,2265,2392,28,21.06162815542871,37.0
2016,166,1.85,72.0,308,1228,287,4,376,303,35,21.0372534696859,148.0
2016,169,1.98,80.0,1561,539,353,78,30,152,34,20.40608101214162,147.0
2016,171,1.71,59.0,3161,1240,289,3304,210,2571,24,20.177148524332274,85.0
2016,172,1.81,73.0,3106,5574,5723,342,1368,1664,37,22.28259210646805,69.0
2016,173,1.9,75.0,321,276,20,4,7,52,24,20.775623268698062,143.0
2016,174,1.75,67.0,329,534,46,204,16,24,35,21.877551020408163,142.0
2016,175,1.79,69.0,146,601,116,1,194,78,31,21.53490839861428,66.0
2016,176,1.88,80.0,1853,385,365,665,8,141,25,22.634676324128566,141.0
2016,177,1.79,63.0,390,1096,340,4,546,208,28,19.66230766829999,70.0
2016,178,1.76,64.0,355,224,15,64,52,77,25,20.66115702479339,144.0
2016,179,1.74,71.0,3202,3209,566,181,1965,1025,37,23.450918219051392,50.0
2016,181,1.88,82.0,1908,820,833,2994,1,231,28,23.20054323223178,84.0
2016,182,1.73,62.0,6670,2738,1430,774,5331,4658,24,20.715693808680545,39.0
2016,183,1.83,72.0,704,335,101,314,18,7,33,21.49959688255845,149.0
2016,185,1.85,75.0,408,3738,10664,165,829,1670,31,21.91380569758948,94.0
2016,185,1.85,75.0,408,3738,10664,165,829,1670,31,21.91380569758948,152.0
2016,187,1.87,74.0,506,578,87,284,61,285,31,21.161600274528865,169.0
2016,188,1.8,68.0,1293,646,185,36,284,658,23,20.98765432098765,151.0
2016,189,1.79,74.0,567,674,428,71,52,186,26,23.095409007209515,170.0
2016,191,1.74,60.0,291,2602,254,0,2052,379,32,19.817677368212443,68.0
2016,192,1.78,70.0,1829,763,231,478,92,604,35,22.09317005428608,113.0
2016,193,1.8,74.0,89,437,49,9,102,90,27,22.839506172839503,73.0
2016,196,1.91,76.0,4166,950,901,2068,368,1738,23,20.83276225980648,90.0
2016,198,1.78,68.0,526,1154,60,3,725,434,32,21.461936624163616,43.0
2016,199,1.77,70.0,222,402,154,380,72,228,28,22.34351559258195,72.0
2016,201,1.69,62.0,4415,2136,383,60,1252,2100,36,21.707923392038097,99.0
2016,202,1.72,65.0,2986,2065,423,188,1428,2018,35,21.97133585722012,103.0
2016,203,1.87,78.0,878,1306,2371,154,62,364,25,22.305470559638533,102.0
2016,204,1.9,78.0,2299,893,152,220,49,112,38,21.606648199445985,101.0
2016,205,1.81,72.0,1785,1893,1031,285,1122,2818,31,21.97735111870822,100.0
2016,207,1.78,72.0,7974,867,1678,1434,2279,7616,25,22.724403484408533,81.0
2016,208,1.91,77.0,450,2409,2023,3,1126,470,36,21.106877552698663,62.0
2016,209,1.73,58.0,2349,7079,1216,64,7222,2004,23,19.37919743392696,4.0
2016,211,1.73,59.0,579,1532,410,154,652,244,25,19.71332152761536,53.0
2016,212,1.87,74.0,57,155,90,0,0,2,26,21.161600274528865,157.0
2016,213,1.81,65.0,1247,950,591,50,216,400,26,19.84066420438937,74.0
2016,216,1.87,72.0,1251,255,100,1230,23,279,24,20.58966513197403,167.0
2016,217,1.82,69.0,735,708,220,56,250,318,29,20.830817534114235,122.0
2016,218,1.85,64.0,1303,1719,68,12,1516,180,31,18.699780861943022,63.0
2016,219,1.79,65.0,1110,685,55,66,86,108,31,20.286507911738084,123.0
2017,1,1.86,68.0,385,8296,4389,188,6508,2328,32,19.65545149728292,1.0
2017,2,1.7,61.0,1622,3623,561,37,3050,1570,29,21.10726643598616,28.0
2017,3,1.82,69.0,506,1537,4521,29,1288,608,36,20.830817534114235,115.0
2017,4,1.94,81.0,959,1576,576,34,364,314,36,21.521947071952383,114.0
2017,5,1.76,68.0,4717,3670,3561,281,3312,3584,27,21.952479338842977,48.0
2017,6,1.72,61.0,1017,6401,298,28,7045,1186,27,20.61925365062196,4.0
2017,7,1.73,62.0,811,3608,31,0,4074,486,33,20.715693808680545,14.0
2017,8,1.85,72.0,1185,466,142,170,49,413,27,21.0372534696859,167.0
2017,11,1.85,65.0,3401,6495,401,366,8511,2067,26,18.991964937910883,3.0
2017,12,1.77,67.0,1991,2656,314,100,1758,1818,31,21.38593635289987,22.0
2017,13,1.79,65.0,96,234,1,0,226,98,26,20.286507911738084,67.0
2017,14,1.76,64.0,705,2877,600,5,1998,630,30,20.66115702479339,30.0
2017,15,1.9,73.0,282,763,142,5,223,54,29,20.221606648199447,40.0
2017,16,1.69,65.0,1492,1018,95,40,780,726,29,22.758306781975424,71.0
2017,17,1.81,66.0,783,2317,1379,182,2293,1248,23,20.1459051921492,29.0
2017,18,1.84,74.0,4340,1447,49,756,415,2328,26,21.85727788279773,89.0
2017,19,1.73,60.0,1544,1578,98,41,1616,884,29,20.04744562130375,13.0
2017,21,1.67,58.0,829,9465,1274,34,7897,1962,27,20.7967298935064,12.0
2017,23,1.83,71.0,3137,1090,1106,1841,512,2612,36,21.20099137030069,69.0
2017,24,1.67,60.0,1214,1583,285,9,1592,712,27,21.513858510523864,18.0
2017,25,1.71,62.0,263,2091,4574,1,1080,337,30,21.20310522895934,44.0
2017,26,1.9,82.0,749,951,437,60,216,328,33,22.71468144044321,62.0
2017,27,1.83,70.0,2089,2338,946,481,2060,1406,26,20.902385858042937,52.0
2017,28,1.84,78.0,355,722,1105,106,73,420,24,23.03875236294896,88.0
2017,31,1.76,61.0,770,11393,6093,102,8230,2379,34,19.6926652892562,9.0
2017,33,1.8,82.0,6464,1231,297,3248,315,3315,28,25.30864197530864,105.0
2017,35,1.86,71.0,583,486,76,34,292,364,23,20.52260376922188,84.0
2017,37,1.84,64.0,5218,6013,2080,179,7443,4110,30,18.90359168241966,17.0
2017,38,1.73,61.0,248,979,152,38,1102,826,28,20.381569714992143,39.0
2017,39,1.79,68.0,1008,5327,1801,0,2781,622,40,21.22280827689523,50.0
2017,42,1.79,67.0,840,4788,1314,70,4552,1697,29,20.91070815517618,11.0
2017,44,1.93,83.0,2900,1664,5799,406,526,1748,23,22.28247738194314,65.0
2017,45,1.8,69.0,360,1396,133,0,597,212,35,21.29629629629629,37.0
2017,46,1.78,70.0,1352,3473,672,192,3660,2294,32,22.09317005428608,34.0
2017,47,1.98,78.0,802,971,154,18,116,180,30,19.89592898683808,94.0
2017,51,1.83,63.0,932,3573,580,20,4035,1115,26,18.812147272238644,5.0
2017,55,1.86,78.0,598,774,913,10,14,22,31,22.54595907041276,160.0
2017,56,1.72,62.0,81,241,2,18,67,16,25,20.9572742022715,135.0
2017,57,1.74,74.0,2420,3216,1121,972,2690,1676,24,24.44180208746201,81.0
2017,58,1.79,71.0,2927,1193,453,446,1013,1864,25,22.15910864205237,47.0
2017,61,1.73,58.0,669,3277,347,100,3326,484,25,19.37919743392696,8.0
2017,62,1.68,59.0,179,1414,28,1,1328,142,29,20.90419501133788,31.0
2017,63,1.71,60.0,284,445,2,0,64,51,33,20.519134092541297,166.0
2017,65,1.95,79.0,569,748,382,0,269,175,28,20.77580539119001,76.0
2017,66,1.74,67.0,3321,1701,156,84,428,785,33,22.12973972783723,83.0
2017,68,1.79,69.0,1961,982,87,2896,588,1667,29,21.53490839861428,63.0
2017,69,1.75,63.0,5333,5607,1117,124,4734,4640,27,20.571428571428573,35.0
2017,72,1.81,70.0,1187,605,6,1023,141,1472,27,21.36686914318855,111.0
2017,77,1.78,62.0,1475,1661,161,56,1695,1042,27,19.56823633379624,41.0
2017,82,1.72,65.0,2986,2065,423,188,1428,2018,36,21.97133585722012,68.0
2017,83,1.87,78.0,878,1306,2371,154,62,364,26,22.305470559638533,164.0
2017,84,1.9,78.0,2299,893,152,220,49,112,39,21.606648199445985,165.0
2017,87,1.85,69.0,2027,1149,163,349,208,1055,28,20.16070124178232,56.0
2017,88,1.83,65.0,2417,5077,2171,49,4204,1572,31,19.40935829675416,24.0
2017,89,1.72,58.0,1188,5805,1215,36,6211,1839,24,19.60519199567334,7.0
2017,94,1.83,74.0,2277,1126,268,684,102,541,36,22.096807907073963,139.0
2017,96,1.77,65.0,472,1317,49,0,1331,494,33,20.747550193111813,19.0
2017,97,1.79,74.0,1363,555,301,896,14,155,34,23.095409007209515,140.0
2017,98,1.78,71.0,823,199,1,72,100,192,27,22.408786769347305,98.0
2017,98,1.78,71.0,823,199,1,72,100,192,27,22.408786769347305,161.0
2017,99,1.9,70.0,189,355,278,22,44,92,30,19.390581717451525,141.0
2017,101,1.88,82.0,1908,820,833,2994,1,231,29,23.20054323223178,157.0
2017,102,1.91,74.0,702,775,773,60,120,206,32,20.28453167402209,61.0
2017,103,1.7,57.0,1663,1742,148,74,2283,1634,29,19.723183391003463,38.0
2017,104,1.78,75.0,12530,4215,1430,1094,3214,5300,34,23.671253629592226,80.0
2017,106,1.87,74.0,506,578,87,284,61,285,32,21.161600274528865,155.0
2017,107,1.83,68.0,3789,1449,235,968,642,1997,31,20.305174833527424,77.0
2017,108,1.79,74.0,5446,1019,334,1994,1014,4131,27,23.095409007209515,156.0
2017,109,1.79,74.0,567,674,428,71,52,186,27,23.095409007209515,75.0
2017,112,1.86,77.0,303,883,3562,86,18,138,32,22.25690831309978,113.0
2017,113,1.8,59.0,816,3249,233,80,2960,840,24,18.20987654320988,15.0
2017,116,1.74,63.0,681,772,79,74,433,1186,24,20.808561236623067,118.0
2017,119,1.88,80.0,873,283,68,788,0,216,28,22.634676324128566,108.0
2017,121,1.85,75.0,408,3738,10664,165,829,1670,32,21.91380569758948,46.0
2017,122,1.78,72.0,1337,671,79,274,88,578,26,22.724403484408533,119.0
2017,123,1.97,80.0,381,756,653,4,73,166,31,20.61377515524749,85.0
2017,124,1.8,72.0,431,1985,124,4,1326,484,30,22.22222222222222,120.0
2017,125,1.83,78.0,11319,2254,301,10136,480,5284,29,23.291229956104985,104.0
2017,126,1.69,61.0,813,718,93,36,254,434,26,21.35779559539232,53.0
2017,127,1.78,63.0,393,3123,1711,20,804,256,31,19.883853048857468,121.0
2017,127,1.78,63.0,393,3123,1711,20,804,256,31,19.883853048857468,162.0
2017,128,1.92,80.0,2248,1025,1244,472,152,1439,23,21.70138888888889,66.0
2017,129,1.86,81.0,647,337,51,478,95,440,23,23.41311134235172,112.0
2017,131,1.84,80.0,4643,1935,529,5032,278,2225,34,23.62948960302457,102.0
2017,133,1.9,72.0,5252,1912,83,932,2687,3018,23,19.94459833795014,20.0
2017,135,1.81,69.0,3129,2384,1086,161,2265,2392,29,21.06162815542871,21.0
2017,136,1.85,72.0,308,1228,287,4,376,303,36,21.0372534696859,144.0
2017,137,1.84,78.0,3248,1261,589,760,268,1159,31,23.03875236294896,143.0
2017,138,1.98,80.0,1561,539,353,78,30,152,35,20.40608101214162,142.0
2017,139,1.82,71.0,4124,4296,1406,347,2405,2854,26,21.434609346697258,86.0
2017,141,1.78,72.0,7974,867,1678,1434,2279,7616,26,22.724403484408533,101.0
2017,142,1.87,77.5,895,795,1018,404,467,1651,25,22.162486773999824,129.0
2017,143,1.83,61.0,2731,3000,100,278,3917,1970,25,18.21493624772313,10.0
2017,144,1.88,73.0,1253,361,0,20,32,54,37,20.65414214576732,127.0
2017,145,1.71,64.0,1572,1563,668,24,1657,1033,31,21.887076365377386,55.0
2017,146,1.93,77.0,898,578,72,164,1,90,28,20.671695884453275,125.0
2017,148,1.84,73.0,2396,1411,338,1770,192,1434,24,21.56190926275992,126.0
2017,149,1.86,77.0,165,472,134,33,62,4,32,22.25690831309978,128.0
2017,151,1.75,65.0,4555,464,51,3361,203,1942,26,21.22448979591837,107.0
2017,152,1.91,77.0,1317,489,121,77,79,459,30,21.106877552698663,152.0
2017,153,1.76,60.0,475,1575,78,0,1012,448,29,19.3698347107438,51.0
2017,156,1.78,68.0,526,1154,60,3,725,434,33,21.461936624163616,82.0
2017,157,1.74,60.0,291,2602,254,0,2052,379,33,19.817677368212443,27.0
2017,158,1.79,77.0,3074,731,203,1092,100,1251,23,24.031709372366656,148.0
2017,159,1.76,65.0,3411,1255,209,238,928,2078,31,20.983987603305785,49.0
2017,161,1.9,70.0,2888,5209,1196,30,4250,1400,31,19.390581717451525,32.0
2017,163,1.77,70.0,4065,385,15,8072,38,1031,24,22.34351559258195,106.0
2017,165,1.78,69.0,1711,1162,482,17,326,972,33,21.777553339224845,90.0
2017,166,1.77,65.0,1877,8104,5706,68,8072,3002,27,20.747550193111813,42.0
2017,167,1.93,78.0,1030,422,200,386,146,551,24,20.94015946736825,163.0
2017,169,1.86,75.0,679,374,301,90,0,3,34,21.678806798473808,79.0
2017,171,1.74,71.0,3202,3209,566,181,1965,1025,38,23.450918219051392,73.0
2017,173,1.84,70.0,1061,1317,188,178,1055,1059,24,20.6758034026465,33.0
2017,174,1.81,73.0,3106,5574,5723,342,1368,1664,38,22.28259210646805,25.0
2017,175,1.75,67.0,329,534,46,204,16,24,36,21.877551020408163,147.0
2017,176,1.88,80.0,1853,385,365,665,8,141,26,22.634676324128566,146.0
2017,177,1.81,67.0,153,351,60,0,142,46,33,20.45114617990904,93.0
2017,179,1.76,64.0,355,224,15,64,52,77,26,20.66115702479339,97.0
2017,181,1.84,70.0,502,3339,250,20,3300,642,30,20.6758034026465,36.0
2017,182,1.8,69.0,2487,956,1106,288,978,2130,23,21.29629629629629,96.0
2017,184,1.83,65.0,116,318,219,1,170,74,25,19.40935829675416,91.0
2017,185,1.75,63.0,2436,1580,139,266,1374,1707,30,20.571428571428573,92.0
2017,186,1.97,82.0,709,566,2450,242,33,36,27,21.12911953412868,87.0
2017,187,1.75,63.0,59,2636,1650,5,1759,930,28,20.571428571428573,45.0
2017,188,1.73,63.0,3086,5913,1804,60,6462,2170,30,21.04981790236894,2.0
2017,192,1.7,64.0,1753,1228,270,178,246,413,32,22.145328719723185,117.0
2017,193,1.77,69.0,1896,1222,198,180,460,1050,31,22.024322512687924,132.0
2017,194,1.78,70.0,1829,763,231,478,92,604,36,22.09317005428608,110.0
2017,195,1.75,60.0,654,3820,2403,16,1182,420,33,19.59183673469388,133.0
2017,196,1.8,66.0,17,100,14,0,80,15,26,20.37037037037037,134.0
2017,197,1.76,74.0,5472,1172,142,1050,1006,3117,27,23.889462809917354,103.0
2017,198,1.75,63.0,281,851,455,2,292,188,25,20.571428571428573,59.0
2017,201,1.73,55.0,2570,3896,10,81,4014,1760,24,18.376825152861773,23.0
2017,202,1.88,78.0,534,398,10,154,56,175,27,22.06880941602536,150.0
2017,206,1.74,75.0,2809,697,74,1064,360,1568,29,24.77209671026556,109.0
2017,209,1.86,76.0,813,268,135,144,29,229,30,21.9678575557868,149.0
2017,211,1.87,72.0,1251,255,100,1230,23,279,25,20.58966513197403,158.0
2017,212,1.83,67.0,727,1581,411,42,514,860,30,20.00656932126967,99.0
2017,213,1.9,69.0,173,999,172,4,636,148,31,19.113573407202217,16.0
2017,215,1.72,62.0,1225,799,15,120,415,690,28,20.9572742022715,26.0
2017,217,1.78,69.0,1733,684,84,128,92,314,30,21.777553339224845,154.0
2017,218,1.73,59.0,579,1532,410,154,652,244,26,19.71332152761536,153.0
2017,219,1.79,65.0,1110,685,55,66,86,108,32,20.286507911738084,95.0
2018,1,1.86,68.0,385,8296,4389,188,6508,2328,33,19.65545149728292,3.0
2018,2,1.75,60.0,933,4611,596,120,4134,1236,21,19.59183673469388,15.0
2018,3,1.71,62.0,263,2091,4574,1,1080,337,31,21.20310522895934,45.0
2018,4,1.76,68.0,4717,3670,3561,281,3312,3584,28,21.952479338842977,43.0
2018,6,1.86,66.0,1038,5143,916,32,4986,1763,30,19.07734998265695,42.0
2018,7,1.85,72.0,1185,466,142,170,49,413,28,21.0372534696859,122.0
2018,8,1.83,71.0,1277,6411,5423,306,4205,2692,32,21.20099137030069,1.0
2018,12,1.75,63.0,2436,1580,139,266,1374,1707,31,20.571428571428573,68.0
2018,13,1.78,69.0,211,862,1540,41,522,500,26,21.777553339224845,145.0
2018,15,1.97,82.0,709,566,2450,242,33,36,28,21.12911953412868,66.0
2018,16,1.84,70.0,502,3339,250,20,3300,642,31,20.6758034026465,34.0
2018,17,1.88,85.0,208,170,764,54,5,31,28,24.049343594386603,120.0
2018,18,1.9,77.0,4870,782,267,970,380,1748,29,21.32963988919668,121.0
2018,21,1.85,65.0,3401,6495,401,366,8511,2067,27,18.991964937910883,6.0
2018,22,1.83,75.0,1236,952,526,662,296,530,27,22.39541341933172,56.0
2018,26,1.81,66.0,783,2317,1379,182,2293,1248,24,20.1459051921492,13.0
2018,27,1.84,74.0,4340,1447,49,756,415,2328,27,21.85727788279773,60.0
2018,32,1.85,69.0,1147,4404,6256,100,3163,2211,27,20.16070124178232,2.0
2018,33,1.87,77.5,895,795,1018,404,467,1651,26,22.162486773999824,55.0
2018,34,1.71,64.0,1572,1563,668,24,1657,1033,32,21.887076365377386,33.0
2018,35,1.91,71.5,84,493,1365,10,128,193,29,19.59924344179161,52.0
2018,38,1.83,72.0,2741,676,131,1622,26,1007,27,21.49959688255845,115.0
2018,41,1.83,61.0,2731,3000,100,278,3917,1970,26,18.21493624772313,17.0
2018,43,1.81,63.0,400,771,12,20,618,424,23,19.23018222886969,129.0
2018,44,1.72,62.0,1225,799,15,120,415,690,29,20.9572742022715,113.0
2018,45,1.81,67.0,445,256,75,76,48,173,24,20.45114617990904,79.0
2018,46,1.8,69.0,360,1396,133,0,597,212,36,21.29629629629629,67.0
2018,47,1.78,69.0,1733,684,84,128,92,314,31,21.777553339224845,112.0
2018,48,1.79,65.0,1110,685,55,66,86,108,33,20.286507911738084,91.0
2018,52,1.76,74.0,5472,1172,142,1050,1006,3117,28,23.889462809917354,87.0
2018,54,1.76,66.0,1422,2362,764,68,1924,1458,30,21.306818181818183,27.0
2018,55,1.73,60.0,2008,5429,3017,172,4548,2284,29,20.04744562130375,28.0
2018,56,1.83,72.0,704,522,578,12,205,174,31,21.49959688255845,117.0
2018,58,1.65,53.0,2678,6519,819,45,6306,1833,35,19.467401285583104,18.0
2018,61,1.73,58.0,2349,7079,1216,64,7222,2004,25,19.37919743392696,24.0
2018,62,1.91,74.0,702,775,773,60,120,206,33,20.28453167402209,53.0
2018,63,1.87,78.0,878,1306,2371,154,62,364,27,22.305470559638533,101.0
2018,64,1.9,78.0,2299,893,152,220,49,112,40,21.606648199445985,96.0
2018,65,1.86,77.0,200,439,1797,37,33,119,26,22.25690831309978,103.0
2018,66,1.88,68.0,269,1696,653,24,696,466,25,19.23947487550928,136.0
2018,67,1.81,72.0,1785,1893,1031,285,1122,2818,33,21.97735111870822,61.0
2018,68,1.73,62.0,811,3608,31,0,4074,486,34,20.715693808680545,23.0
2018,71,1.67,58.0,829,9465,1274,34,7897,1962,28,20.7967298935064,10.0
2018,72,1.8,73.0,671,1518,1228,54,1046,566,31,22.530864197530864,41.0
2018,73,1.83,71.0,3137,1090,1106,1841,512,2612,37,21.20099137030069,108.0
2018,74,1.9,82.0,749,951,437,60,216,328,34,22.71468144044321,47.0
2018,75,1.72,61.0,1017,6401,298,28,7045,1186,28,20.61925365062196,7.0
2018,77,1.86,68.0,295,2575,774,8,2949,1244,24,19.65545149728292,40.0
2018,78,1.77,61.0,13381,13732,4946,336,15230,7433,38,19.4707778735357,14.0
2018,83,1.79,67.0,840,4788,1314,70,4552,1697,30,20.91070815517618,20.0
2018,84,1.69,62.0,4415,2136,383,60,1252,2100,38,21.707923392038097,135.0
2018,85,1.93,83.0,2900,1664,5799,406,526,1748,24,22.28247738194314,48.0
2018,92,1.68,59.0,179,1414,28,1,1328,142,30,20.90419501133788,49.0
2018,93,1.7,56.0,527,585,103,0,482,66,30,19.377162629757787,70.0
2018,95,1.83,78.0,11319,2254,301,10136,480,5284,30,23.291229956104985,82.0
2018,96,1.74,67.0,3321,1701,156,84,428,785,34,22.12973972783723,106.0
2018,101,1.73,62.0,6670,2738,1430,774,5331,4658,26,20.715693808680545,30.0
2018,104,1.78,75.0,12530,4215,1430,1094,3214,5300,35,23.671253629592226,59.0
2018,105,1.89,70.0,1245,2624,2692,403,1652,1282,25,19.59631589261219,11.0
2018,106,1.8,75.0,3492,1470,2455,1682,186,1172,27,23.148148148148145,65.0
2018,107,1.77,68.0,1291,543,151,1017,275,1362,35,21.705129432793896,73.0
2018,111,1.82,78.0,9426,1797,1335,5996,2578,8566,28,23.54788069073783,81.0
2018,112,1.86,77.0,303,883,3562,86,18,138,33,22.25690831309978,78.0
2018,113,1.89,75.0,1633,722,180,78,128,548,35,20.99605274208449,125.0
2018,114,1.73,62.0,1184,5689,919,40,6358,1922,28,20.715693808680545,19.0
2018,115,1.8,64.0,853,837,239,74,963,462,24,19.753086419753085,123.0
2018,116,1.91,75.0,1298,735,423,400,246,938,31,20.558646966914285,46.0
2018,117,1.82,63.0,89,451,50,2,302,257,28,19.01944209636517,71.0
2018,118,1.82,70.0,656,264,331,131,102,445,26,21.132713440405748,124.0
2018,121,1.82,67.0,3654,6658,1693,191,5816,2402,33,20.227025721531216,12.0
2018,122,1.84,72.0,373,675,169,37,980,648,27,21.26654064272212,44.0
2018,125,1.78,65.0,792,2357,1490,10,1679,609,31,20.515086478979924,16.0
2018,126,1.84,68.0,1646,1453,825,1095,1188,2688,25,20.08506616257089,90.0
2018,128,1.79,71.0,2927,1193,453,446,1013,1864,26,22.15910864205237,51.0
2018,136,1.69,57.0,1496,1293,223,12,1284,896,29,19.95728440880922,77.0
2018,136,1.69,57.0,1496,1293,223,12,1284,896,29,19.95728440880922,131.0
2018,138,1.79,74.0,567,674,428,71,52,186,28,23.095409007209515,62.0
2018,141,1.87,67.0,416,3286,1200,10,2876,760,28,19.159827275586945,9.0
2018,145,1.84,70.0,293,459,41,20,122,134,32,20.6758034026465,104.0
2018,147,1.92,80.0,2248,1025,1244,472,152,1439,24,21.70138888888889,58.0
2018,148,1.86,81.0,647,337,51,478,95,440,24,23.41311134235172,134.0
2018,151,1.81,76.0,6782,1536,483,8072,206,2572,26,23.198315069747565,83.0
2018,152,1.72,53.0,1762,3136,160,17,4052,1214,21,17.915089237425637,32.0
2018,153,1.9,80.0,722,371,1,261,20,281,30,22.1606648199446,92.0
2018,155,1.94,76.0,222,903,2017,28,150,328,27,20.1934318205973,69.0
2018,156,1.78,62.0,1475,1661,161,56,1695,1042,28,19.56823633379624,35.0
2018,157,1.93,77.0,898,578,72,164,1,90,29,20.671695884453275,94.0
2018,158,1.84,74.0,1729,1246,218,21,616,1024,29,21.85727788279773,38.0
2018,161,1.78,63.0,344,4479,1440,16,3983,1318,31,19.883853048857468,5.0
2018,162,1.9,70.0,2888,5209,1196,30,4250,1400,32,19.390581717451525,31.0
2018,164,1.87,83.0,836,548,44,293,116,432,24,23.735308416025617,126.0
2018,165,1.78,69.0,1711,1162,482,17,326,972,34,21.777553339224845,64.0
2018,166,1.77,65.0,1877,8104,5706,68,8072,3002,28,20.747550193111813,4.0
2018,167,1.93,78.0,1030,422,200,386,146,551,25,20.94015946736825,98.0
2018,168,1.78,61.0,391,744,6,10,628,266,24,19.252619618735007,36.0
2018,181,1.84,70.0,1061,1317,188,178,1055,1059,25,20.6758034026465,37.0
2018,182,1.75,70.0,1250,148,59,738,58,251,24,22.857142857142858,102.0
2018,183,1.81,73.0,3106,5574,5723,342,1368,1664,39,22.28259210646805,39.0
2018,184,1.8,74.0,89,437,49,9,102,90,29,22.839506172839503,95.0
2018,185,1.9,85.0,746,667,1036,286,12,39,31,23.545706371191137,75.0
2018,186,1.8,65.0,229,200,17,34,76,134,23,20.061728395061728,100.0
2018,191,1.84,64.0,5218,6013,2080,179,7443,4110,31,18.90359168241966,25.0
2018,192,1.76,60.0,236,778,43,22,382,298,26,19.3698347107438,116.0
2018,194,1.8,82.0,6464,1231,297,3248,315,3315,29,25.30864197530864,80.0
2018,195,1.86,71.0,583,486,76,34,292,364,24,20.52260376922188,118.0
2018,196,1.75,63.0,281,851,455,2,292,188,26,20.571428571428573,105.0
2018,198,1.87,78.0,4842,1314,284,1602,697,3441,26,22.305470559638533,54.0
2018,201,1.91,76.0,4166,950,901,2068,368,1738,25,20.83276225980648,84.0
2018,204,1.83,70.0,2089,2338,946,481,2060,1406,27,20.902385858042937,22.0
2018,205,1.74,60.0,291,2602,254,0,2052,379,34,19.817677368212443,29.0
2018,206,1.9,70.0,595,542,302,47,290,362,27,19.390581717451525,114.0
2018,207,1.76,65.0,3411,1255,209,238,928,2078,32,20.983987603305785,111.0
2018,208,1.78,70.0,2398,819,184,624,178,1058,24,22.09317005428608,107.0
2018,211,1.73,55.0,2570,3896,10,81,4014,1760,25,18.376825152861773,21.0
2018,212,1.76,63.0,191,720,108,2,186,114,32,20.33832644628099,142.0
2018,213,1.79,72.0,3623,204,3,5550,17,416,30,22.47120876377142,88.0
2018,214,1.78,65.0,159,283,0,8,58,108,29,20.515086478979924,72.0
2018,215,1.89,69.0,1143,351,172,25,20,321,31,19.31636852271773,99.0
2018,216,1.74,75.0,2809,697,74,1064,360,1568,30,24.77209671026556,86.0
2018,217,1.79,67.0,1192,814,71,244,334,1343,25,20.91070815517618,141.0
2019,1,1.83,71.0,1277,6411,5423,306,4205,2692,33,21.20099137030069,2.0
2019,2,1.75,60.0,933,4611,596,120,4134,1236,22,19.59183673469388,1.0
2019,3,1.71,62.0,263,2091,4574,1,1080,337,32,21.20310522895934,36.0
2019,6,1.86,66.0,1038,5143,916,32,4986,1763,31,19.07734998265695,27.0
2019,7,1.85,72.0,1185,466,142,170,49,413,29,21.0372534696859,72.0
2019,11,1.82,78.0,9426,1797,1335,5996,2578,8566,29,23.54788069073783,79.0
2019,12,1.8,59.0,816,3249,233,80,2960,840,26,18.20987654320988,4.0
2019,13,1.89,75.0,1633,722,180,78,128,548,36,20.99605274208449,152.0
2019,14,1.81,64.0,1499,2667,458,88,2686,1666,27,19.53542321662953,30.0
2019,15,1.8,64.0,853,837,239,74,963,462,25,19.753086419753085,25.0
2019,16,1.91,75.0,1298,735,423,400,246,938,32,20.558646966914285,71.0
2019,21,1.73,62.0,6670,2738,1430,774,5331,4658,27,20.715693808680545,5.0
2019,22,1.93,75.0,1615,821,2406,303,504,1518,24,20.13476871862332,87.0
2019,23,1.77,65.0,1594,1907,796,85,890,1106,35,20.747550193111813,88.0
2019,24,1.8,75.0,3492,1470,2455,1682,186,1172,28,23.148148148148145,69.0
2019,25,1.77,61.0,993,4995,666,19,5690,1364,24,19.4707778735357,22.0
2019,27,1.77,68.0,1291,543,151,1017,275,1362,36,21.705129432793896,86.0
2019,28,1.78,67.0,5100,993,160,7758,276,2721,30,21.146319909102385,80.0
2019,31,1.85,65.0,3401,6495,401,366,8511,2067,28,18.991964937910883,13.0
2019,32,1.83,65.0,654,1318,0,24,597,486,33,19.40935829675416,45.0
2019,33,1.79,65.0,3836,1039,330,272,936,1742,23,20.286507911738084,78.0
2019,34,1.76,64.0,705,2877,600,5,1998,630,32,20.66115702479339,44.0
2019,35,1.81,69.0,3129,2384,1086,161,2265,2392,31,21.06162815542871,56.0
2019,36,1.76,70.0,585,659,556,80,162,284,26,22.59814049586777,119.0
2019,37,1.84,74.0,4340,1447,49,756,415,2328,28,21.85727788279773,74.0
2019,38,1.73,60.0,1544,1578,98,41,1616,884,31,20.04744562130375,42.0
2019,41,1.81,65.0,4805,9872,3781,274,9273,2889,34,19.84066420438937,34.0
2019,42,1.79,67.0,840,4788,1314,70,4552,1697,31,20.91070815517618,39.0
2019,43,1.76,74.0,5472,1172,142,1050,1006,3117,29,23.889462809917354,58.0
2019,47,1.81,64.0,2103,2800,575,116,2780,2256,27,19.53542321662953,54.0
2019,52,1.85,80.0,1018,469,448,341,42,350,37,23.37472607742878,122.0
2019,53,1.72,53.0,1762,3136,160,17,4052,1214,22,17.915089237425637,12.0
2019,54,1.93,83.0,2900,1664,5799,406,526,1748,25,22.28247738194314,57.0
2019,55,1.82,73.0,1441,1455,232,167,160,343,34,22.03840115928028,137.0
2019,56,1.78,62.0,1475,1661,161,56,1695,1042,29,19.56823633379624,41.0
2019,57,1.78,64.0,768,2042,123,0,1826,372,30,20.199469763918696,17.0
2019,58,1.88,73.0,1403,1120,1063,183,538,956,32,20.65414214576732,104.0
2019,61,1.67,58.0,829,9465,1274,34,7897,1962,29,20.7967298935064,8.0
2019,62,1.77,61.0,13381,13732,4946,336,15230,7433,39,19.4707778735357,9.0
2019,63,1.8,73.0,671,1518,1228,54,1046,566,32,22.530864197530864,47.0
2019,64,1.9,82.0,749,951,437,60,216,328,35,22.71468144044321,63.0
2019,65,1.72,61.0,1017,6401,298,28,7045,1186,29,20.61925365062196,6.0
2019,66,1.8,67.0,624,1209,3816,24,546,884,30,20.679012345679013,51.0
2019,67,1.86,68.0,295,2575,774,8,2949,1244,25,19.65545149728292,37.0
2019,68,1.86,68.0,462,1496,21,6,1294,384,26,19.65545149728292,146.0
2019,72,1.74,60.0,1631,4751,1135,450,4896,2188,29,19.817677368212443,32.0
2019,73,1.84,72.0,373,675,169,37,980,648,28,21.26654064272212,50.0
2019,75,1.76,66.0,1422,2362,764,68,1924,1458,31,21.306818181818183,33.0
2019,76,1.74,74.0,2420,3216,1121,972,2690,1676,26,24.44180208746201,19.0
2019,81,1.78,63.0,344,4479,1440,16,3983,1318,32,19.883853048857468,3.0
2019,82,1.81,58.0,869,3482,266,86,2902,1084,29,17.70397729007051,24.0
2019,84,1.77,70.0,4065,385,15,8072,38,1031,26,22.34351559258195,132.0
2019,85,1.87,83.0,836,548,44,293,116,432,25,23.735308416025617,90.0
2019,86,1.85,75.0,408,3738,10664,165,829,1670,34,21.91380569758948,101.0
2019,87,1.84,73.0,2396,1411,338,1770,192,1434,26,21.56190926275992,91.0
2019,91,1.73,63.0,3086,5913,1804,60,6462,2170,32,21.04981790236894,7.0
2019,93,1.75,63.0,2436,1580,139,266,1374,1707,32,20.571428571428573,124.0
2019,94,1.78,65.0,792,2357,1490,10,1679,609,32,20.515086478979924,26.0
2019,95,1.78,67.0,2265,1255,1114,163,88,488,34,21.146319909102385,155.0
2019,96,1.88,85.0,208,170,764,54,5,31,29,24.049343594386603,70.0
2019,98,1.75,62.0,3257,2295,40,188,4494,1787,32,20.244897959183675,35.0
2019,101,1.73,58.0,2349,7079,1216,64,7222,2004,26,19.37919743392696,29.0
2019,103,1.9,67.0,687,3023,316,27,2506,1069,25,18.5595567867036,38.0
2019,107,1.79,74.0,5446,1019,334,1994,1014,4131,29,23.095409007209515,64.0
2019,108,1.72,58.0,1188,5805,1215,36,6211,1839,26,19.60519199567334,49.0
2019,115,1.77,65.0,472,1317,49,0,1331,494,35,20.747550193111813,145.0
2019,117,1.98,78.0,802,971,154,18,116,180,32,19.89592898683808,75.0
2019,122,1.83,63.0,932,3573,580,20,4035,1115,28,18.812147272238644,14.0
2019,123,1.88,73.0,813,784,111,117,340,663,27,20.65414214576732,103.0
2019,124,1.82,69.0,4401,6234,1621,97,5354,2698,32,20.830817534114235,65.0
2019,126,1.83,78.0,11319,2254,301,10136,480,5284,31,23.291229956104985,81.0
2019,127,1.95,79.0,569,748,382,0,269,175,30,20.77580539119001,92.0
2019,131,1.72,62.0,334,7697,4287,38,4406,2044,34,20.9572742022715,15.0
2019,132,1.76,60.0,236,778,43,22,382,298,27,19.3698347107438,48.0
2019,133,1.76,58.0,1501,1843,117,2,3810,1097,24,18.72417355371901,31.0
2019,136,1.84,64.0,5218,6013,2080,179,7443,4110,32,18.90359168241966,28.0
2019,138,1.87,78.0,4842,1314,284,1602,697,3441,27,22.305470559638533,52.0
2019,141,1.78,72.0,7974,867,1678,1434,2279,7616,28,22.724403484408533,83.0
2019,142,1.87,77.5,895,795,1018,404,467,1651,27,22.162486773999824,68.0
2019,143,1.94,83.0,939,572,306,1265,39,748,23,22.053353172494425,93.0
2019,144,1.91,71.5,84,493,1365,10,128,193,30,19.59924344179161,139.0
2019,145,1.81,65.0,260,1038,778,80,1806,603,22,19.84066420438937,46.0
2019,148,1.78,70.0,1352,3473,672,192,3660,2294,34,22.09317005428608,142.0
2019,152,1.82,66.0,723,920,219,126,266,232,28,19.925129815239703,123.0
2019,154,1.83,70.0,2089,2338,946,481,2060,1406,28,20.902385858042937,20.0
2019,155,1.9,70.0,595,542,302,47,290,362,28,19.390581717451525,73.0
2019,156,1.82,69.0,735,708,220,56,250,318,32,20.830817534114235,62.0
2019,157,1.8,68.0,160,705,533,0,296,46,32,20.98765432098765,105.0
2019,161,1.65,69.0,2567,333,148,4395,186,2164,24,25.34435261707989,82.0
2019,162,1.9,72.0,5252,1912,83,932,2687,3018,25,19.94459833795014,40.0
2019,165,1.85,69.0,2027,1149,163,349,208,1055,30,20.16070124178232,66.0
2019,166,1.92,83.0,472,515,490,259,68,174,33,22.51519097222222,95.0
2019,167,1.81,66.0,705,4636,2505,27,1739,894,36,20.1459051921492,131.0
2019,168,1.82,71.0,4124,4296,1406,347,2405,2854,28,21.434609346697258,59.0
2019,171,1.84,70.0,1061,1317,188,178,1055,1059,26,20.6758034026465,113.0
2019,172,1.76,72.0,1624,420,48,1546,96,1202,25,23.243801652892564,85.0
2019,173,1.8,65.0,229,200,17,34,76,134,24,20.061728395061728,127.0
2019,174,1.85,70.0,199,231,34,32,102,106,25,20.45288531775018,108.0
2019,175,1.79,63.0,390,1096,340,4,546,208,31,19.66230766829999,60.0
2019,178,1.78,70.0,2398,819,184,624,178,1058,25,22.09317005428608,76.0
2019,181,1.87,67.0,416,3286,1200,10,2876,760,29,19.159827275586945,144.0
2019,182,1.84,77.0,2284,522,65,967,50,328,29,22.74338374291116,100.0
2019,185,1.78,72.0,1337,671,79,274,88,578,28,22.724403484408533,99.0
2019,186,1.92,80.0,2248,1025,1244,472,152,1439,25,21.70138888888889,98.0
2019,188,1.86,81.0,647,337,51,478,95,440,25,23.41311134235172,118.0
2019,191,1.73,55.0,2570,3896,10,81,4014,1760,26,18.376825152861773,11.0
2019,192,1.88,78.0,534,398,10,154,56,175,29,22.06880941602536,102.0
2019,194,1.81,75.0,832,1145,55,18,846,938,24,22.89307408198773,112.0
2019,195,1.81,71.0,1190,1380,148,171,764,1007,27,21.672110130948383,21.0
2019,196,1.89,69.0,1143,351,172,25,20,321,32,19.31636852271773,126.0
2019,197,1.74,75.0,2809,697,74,1064,360,1568,31,24.77209671026556,84.0
2019,202,1.9,76.0,1189,2286,963,83,423,362,39,21.05263157894737,116.0
2019,206,1.83,65.0,2417,5077,2171,49,4204,1572,33,19.40935829675416,16.0
2019,208,1.79,71.0,2927,1193,453,446,1013,1864,27,22.15910864205237,55.0
2019,211,1.83,61.0,2731,3000,100,278,3917,1970,27,18.21493624772313,10.0
2019,212,1.83,67.0,727,1581,411,42,514,860,32,20.00656932126967,138.0
2019,213,1.81,65.0,1247,950,591,50,216,400,29,19.84066420438937,110.0
2019,214,1.81,63.0,400,771,12,20,618,424,24,19.23018222886969,111.0
2019,215,1.84,80.0,4643,1935,529,5032,278,2225,36,23.62948960302457,133.0
2019,216,1.81,67.0,445,256,75,76,48,173,25,20.45114617990904,96.0
2019,217,1.8,69.0,360,1396,133,0,597,212,37,21.29629629629629,125.0
2019,218,1.79,65.0,1110,685,55,66,86,108,34,20.286507911738084,114.0
2020,2,1.8,73.0,671,1518,1228,54,1046,566,33,22.530864197530864,41.0
2020,3,1.7,62.0,1262,4060,551,88,4822,1735,27,21.45328719723184,13.0
2020,4,1.71,62.0,263,2091,4574,1,1080,337,33,21.20310522895934,45.0
2020,5,1.76,68.0,4717,3670,3561,281,3312,3584,30,21.952479338842977,30.0
2020,6,1.85,72.0,1185,466,142,170,49,413,30,21.0372534696859,86.0
2020,11,1.77,65.0,1877,8104,5706,68,8072,3002,30,20.747550193111813,2.0
2020,13,1.87,83.0,836,548,44,293,116,432,26,23.735308416025617,114.0
2020,14,1.85,69.0,1147,4404,6256,100,3163,2211,29,20.16070124178232,7.0
2020,15,1.9,70.0,2888,5209,1196,30,4250,1400,34,19.390581717451525,69.0
2020,16,1.82,61.0,193,2616,315,23,3328,570,25,18.41565028378215,15.0
2020,17,1.85,75.0,408,3738,10664,165,829,1670,35,21.91380569758948,103.0
2020,21,1.82,78.0,9426,1797,1335,5996,2578,8566,30,23.54788069073783,88.0
2020,23,1.84,64.0,527,2739,1243,265,1547,1482,26,18.90359168241966,111.0
2020,24,1.81,65.0,260,1038,778,80,1806,603,23,19.84066420438937,33.0
2020,26,1.91,75.0,1298,735,423,400,246,938,33,20.558646966914285,57.0
2020,28,1.83,71.0,1430,2161,1930,94,1962,1788,26,21.20099137030069,74.0
2020,31,1.85,65.0,3401,6495,401,366,8511,2067,29,18.991964937910883,31.0
2020,32,1.83,65.0,654,1318,0,24,597,486,34,19.40935829675416,26.0
2020,33,1.79,65.0,3836,1039,330,272,936,1742,24,20.286507911738084,85.0
2020,35,1.84,74.0,4340,1447,49,756,415,2328,29,21.85727788279773,82.0
2020,37,1.65,60.0,1698,591,94,850,357,1680,26,22.03856749311295,99.0
2020,38,1.73,60.0,1544,1578,98,41,1616,884,32,20.04744562130375,76.0
2020,41,1.73,62.0,6670,2738,1430,774,5331,4658,28,20.715693808680545,36.0
2020,42,1.93,75.0,1615,821,2406,303,504,1518,25,20.13476871862332,75.0
2020,43,1.78,73.0,2662,556,135,4424,130,1900,29,23.04002019946976,87.0
2020,44,1.86,78.0,469,981,2778,112,298,756,24,22.54595907041276,73.0
2020,45,1.9,78.0,765,475,26,442,52,90,31,21.606648199445985,104.0
2020,46,1.77,65.0,1594,1907,796,85,890,1106,36,20.747550193111813,100.0
2020,47,1.89,70.0,1245,2624,2692,403,1652,1282,27,19.59631589261219,32.0
2020,48,1.83,71.0,1239,978,366,711,143,518,35,21.20099137030069,97.0
2020,51,1.8,63.0,1919,6908,1547,4,7740,1538,30,19.444444444444443,29.0
2020,54,1.93,83.0,2900,1664,5799,406,526,1748,26,22.28247738194314,65.0
2020,56,1.79,71.0,3266,1207,93,190,1640,1784,23,22.15910864205237,27.0
2020,58,1.78,64.0,768,2042,123,0,1826,372,31,20.199469763918696,24.0
2020,61,1.72,61.0,1017,6401,298,28,7045,1186,30,20.61925365062196,4.0
2020,62,1.74,60.0,1631,4751,1135,450,4896,2188,30,19.817677368212443,16.0
2020,63,1.79,67.0,840,4788,1314,70,4552,1697,32,20.91070815517618,10.0
2020,64,1.76,74.0,5472,1172,142,1050,1006,3117,30,23.889462809917354,94.0
2020,65,1.78,72.0,1337,671,79,274,88,578,29,22.724403484408533,118.0
2020,67,1.86,66.0,1038,5143,916,32,4986,1763,32,19.07734998265695,38.0
2020,71,1.73,63.0,3086,5913,1804,60,6462,2170,33,21.04981790236894,8.0
2020,72,1.8,69.0,2487,956,1106,288,978,2130,26,21.29629629629629,68.0
2020,73,1.93,69.0,270,2674,421,31,2333,478,25,18.523987221133453,35.0
2020,75,1.85,69.0,2027,1149,163,349,208,1055,31,20.16070124178232,115.0
2020,76,1.72,63.0,839,2835,1258,13,2474,736,24,21.29529475392104,28.0
2020,81,1.67,58.0,829,9465,1274,34,7897,1962,30,20.7967298935064,17.0
2020,82,1.79,65.0,320,895,222,20,766,160,31,20.286507911738084,51.0
2020,83,1.83,61.0,2731,3000,100,278,3917,1970,28,18.21493624772313,14.0
2020,84,1.81,67.0,445,256,75,76,48,173,26,20.45114617990904,133.0
2020,85,1.67,58.0,114,426,0,13,218,70,27,20.7967298935064,54.0
2020,87,1.87,74.0,526,246,68,299,4,296,25,21.161600274528865,58.0
2020,88,1.9,75.0,738,599,307,213,152,415,24,20.775623268698062,119.0
2020,91,1.77,61.0,13381,13732,4946,336,15230,7433,40,19.4707778735357,12.0
2020,93,1.9,82.0,749,951,437,60,216,328,36,22.71468144044321,56.0
2020,94,1.77,61.0,993,4995,666,19,5690,1364,25,19.4707778735357,5.0
2020,95,1.8,67.0,624,1209,3816,24,546,884,31,20.679012345679013,42.0
2020,97,1.86,68.0,295,2575,774,8,2949,1244,26,19.65545149728292,21.0
2020,98,1.86,68.0,462,1496,21,6,1294,384,27,19.65545149728292,19.0
2020,101,1.72,62.0,334,7697,4287,38,4406,2044,35,20.9572742022715,3.0
2020,102,1.84,60.0,73,593,47,10,328,96,25,17.72211720226843,50.0
2020,103,1.69,52.0,287,1246,27,4,1348,324,28,18.20664542558034,25.0
2020,105,1.8,76.0,4667,1527,1777,2738,448,3274,24,23.456790123456788,107.0
2020,106,1.81,70.0,2776,948,353,739,1296,1301,29,21.36686914318855,60.0
2020,107,1.87,78.0,4842,1314,284,1602,697,3441,28,22.305470559638533,71.0
2020,113,1.71,64.0,1572,1563,668,24,1657,1033,34,21.887076365377386,47.0
2020,114,1.81,62.0,129,1855,30,8,1636,128,29,18.924941241109856,52.0
2020,115,1.87,75.0,625,367,36,233,116,664,27,21.447567845806283,116.0
2020,116,1.98,78.0,802,971,154,18,116,180,33,19.89592898683808,102.0
2020,117,1.79,74.0,5446,1019,334,1994,1014,4131,30,23.095409007209515,80.0
2020,121,1.73,55.0,2570,3896,10,81,4014,1760,27,18.376825152861773,11.0
2020,122,1.65,60.0,1588,348,25,1296,82,1450,25,22.03856749311295,101.0
2020,124,1.83,70.0,2089,2338,946,481,2060,1406,29,20.902385858042937,48.0
2020,126,1.9,70.0,595,542,302,47,290,362,29,19.390581717451525,140.0
2020,127,1.82,69.0,735,708,220,56,250,318,33,20.830817534114235,66.0
2020,128,1.78,67.0,5100,993,160,7758,276,2721,31,21.146319909102385,89.0
2020,131,1.76,66.0,7677,6844,2703,194,8498,3706,21,21.306818181818183,1.0
2020,135,1.83,78.0,11319,2254,301,10136,480,5284,32,23.291229956104985,90.0
2020,136,1.95,79.0,569,748,382,0,269,175,31,20.77580539119001,112.0
2020,138,1.72,62.0,782,1536,404,74,1289,702,28,20.9572742022715,34.0
2020,141,1.64,59.0,326,3497,752,122,4108,856,26,21.936347412254616,6.0
2020,142,1.84,72.0,373,675,169,37,980,648,29,21.26654064272212,43.0
2020,144,1.76,66.0,1422,2362,764,68,1924,1458,32,21.306818181818183,22.0
2020,145,1.73,60.0,2008,5429,3017,172,4548,2284,31,20.04744562130375,136.0
2020,146,1.74,74.0,2420,3216,1121,972,2690,1676,27,24.44180208746201,44.0
2020,148,1.8,63.0,96,760,318,8,658,662,23,19.444444444444443,39.0
2020,151,1.65,69.0,2567,333,148,4395,186,2164,25,25.34435261707989,124.0
2020,156,1.93,84.0,482,136,281,176,1,9,27,22.55094096485812,125.0
2020,158,1.92,83.0,472,515,490,259,68,174,34,22.51519097222222,146.0
2020,161,1.73,58.0,2349,7079,1216,64,7222,2004,27,19.37919743392696,9.0
2020,162,1.91,74.0,702,775,773,60,120,206,35,20.28453167402209,98.0
2020,163,1.91,81.0,30,261,320,10,0,3,32,22.20333872426743,135.0
2020,164,1.64,55.0,1249,3376,225,164,3806,1415,30,20.449137418203453,23.0
2020,165,1.81,72.0,1785,1893,1031,285,1122,2818,35,21.97735111870822,67.0
2020,166,1.83,73.0,697,1137,357,2,154,218,30,21.798202394816204,109.0
2020,173,1.86,72.0,1635,3508,617,16,1752,912,34,20.811654526534856,63.0
2020,174,1.7,66.0,3247,175,0,2162,29,933,26,22.837370242214536,93.0
2020,175,1.89,69.0,789,722,250,96,428,625,25,19.31636852271773,62.0
2020,176,1.68,58.0,27,169,55,0,33,14,26,20.5498866213152,121.0
2020,177,1.92,80.0,2248,1025,1244,472,152,1439,26,21.70138888888889,110.0
2020,181,1.76,72.0,1624,420,48,1546,96,1202,26,23.243801652892564,96.0
2020,184,1.8,74.0,89,437,49,9,102,90,31,22.839506172839503,138.0
2020,185,1.8,65.0,229,200,17,34,76,134,25,20.061728395061728,139.0
2020,186,1.79,63.0,390,1096,340,4,546,208,32,19.66230766829999,134.0
2020,187,1.77,70.0,222,402,154,380,72,228,32,22.34351559258195,61.0
2020,191,1.84,72.0,4837,564,234,3604,184,2186,31,21.26654064272212,127.0
2020,193,1.82,70.0,926,513,411,522,320,1004,25,21.132713440405748,105.0
2020,194,1.86,71.0,583,486,76,34,292,364,26,20.52260376922188,59.0
2020,195,1.79,71.0,2927,1193,453,446,1013,1864,28,22.15910864205237,77.0
2020,198,1.99,90.0,1695,333,967,1969,17,410,27,22.72669882073685,123.0
2020,201,1.9,72.0,5252,1912,83,932,2687,3018,26,19.94459833795014,49.0
2020,203,1.94,83.0,939,572,306,1265,39,748,24,22.053353172494425,92.0
2020,204,1.74,61.0,5025,1436,334,75,2170,2298,21,20.147971991015982,46.0
2020,206,1.85,71.0,250,161,18,103,28,156,24,20.74506939371804,81.0
2020,208,1.78,70.0,1352,3473,672,192,3660,2294,35,22.09317005428608,53.0
2020,211,1.71,59.0,3161,1240,289,3304,210,2571,28,20.177148524332274,91.0
2020,214,1.84,77.0,2284,522,65,967,50,328,30,22.74338374291116,120.0
2020,216,1.79,62.0,876,1051,122,84,1034,1540,28,19.350207546580943,55.0
2020,217,1.86,71.0,402,231,47,124,148,816,32,20.52260376922188,83.0
2020,218,1.84,70.0,502,3339,250,20,3300,642,33,20.6758034026465,18.0
2021,1,1.76,66.0,7677,6844,2703,194,8498,3706,22,21.306818181818183,1.0
2021,2,1.91,78.0,511,437,2295,146,116,322,22,21.380992845590857,118.0
2021,3,1.82,69.0,4401,6234,1621,97,5354,2698,34,20.830817534114235,76.0
2021,4,1.82,62.0,1686,2397,166,11,2710,1316,28,18.717546190073666,37.0
2021,5,1.74,61.0,5025,1436,334,75,2170,2298,22,20.147971991015982,94.0
2021,6,1.95,79.0,569,748,382,0,269,175,32,20.77580539119001,73.0
2021,7,1.73,62.0,1184,5689,919,40,6358,1922,31,20.715693808680545,33.0
2021,8,1.83,69.0,1065,2388,2179,54,2074,1044,23,20.603780345785182,44.0
2021,15,1.82,61.0,193,2616,315,23,3328,570,26,18.41565028378215,32.0
2021,16,1.85,75.0,408,3738,10664,165,829,1670,36,21.91380569758948,131.0
2021,17,1.84,73.0,2396,1411,338,1770,192,1434,28,21.56190926275992,107.0
2021,18,1.75,58.0,320,5026,2064,34,4390,1561,24,18.93877551020408,2.0
2021,21,1.83,71.0,1277,6411,5423,306,4205,2692,35,21.20099137030069,34.0
2021,22,1.7,62.0,1262,4060,551,88,4822,1735,28,21.45328719723184,3.0
2021,23,1.71,62.0,263,2091,4574,1,1080,337,34,21.20310522895934,23.0
2021,25,1.76,68.0,4717,3670,3561,281,3312,3584,31,21.952479338842977,50.0
2021,26,1.72,62.0,334,7697,4287,38,4406,2044,36,20.9572742022715,26.0
2021,31,1.86,68.0,385,8296,4389,188,6508,2328,36,19.65545149728292,112.0
2021,32,1.8,78.0,1436,457,153,301,66,362,32,24.07407407407408,111.0
2021,33,1.74,61.0,128,176,211,42,78,177,24,20.147971991015982,119.0
2021,34,1.84,80.0,4643,1935,529,5032,278,2225,38,23.62948960302457,110.0
2021,35,1.97,80.0,381,756,653,4,73,166,35,20.61377515524749,120.0
2021,37,1.75,62.0,3257,2295,40,188,4494,1787,34,20.244897959183675,25.0
2021,38,1.86,81.0,647,337,51,478,95,440,27,23.41311134235172,100.0
2021,42,1.76,60.0,236,778,43,22,382,298,29,19.3698347107438,46.0
2021,43,1.69,52.0,287,1246,27,4,1348,324,29,18.20664542558034,40.0
2021,44,1.84,64.0,5218,6013,2080,179,7443,4110,34,18.90359168241966,20.0
2021,45,1.8,76.0,4667,1527,1777,2738,448,3274,25,23.456790123456788,101.0
2021,46,1.81,70.0,2776,948,353,739,1296,1301,30,21.36686914318855,69.0
2021,47,1.87,78.0,4842,1314,284,1602,697,3441,29,22.305470559638533,36.0
2021,48,1.83,72.0,2741,676,131,1622,26,1007,30,21.49959688255845,80.0
2021,51,1.73,62.0,6670,2738,1430,774,5331,4658,29,20.715693808680545,45.0
2021,52,1.93,75.0,1615,821,2406,303,504,1518,26,20.13476871862332,63.0
2021,53,1.83,71.0,1752,215,133,735,222,1346,26,21.20099137030069,75.0
2021,54,1.84,67.0,753,1574,2179,10,1239,743,30,19.78969754253308,12.0
2021,55,1.75,70.0,3067,1502,712,6826,79,2065,36,22.857142857142858,104.0
2021,56,1.9,78.0,765,475,26,442,52,90,32,21.606648199445985,141.0
2021,57,1.77,65.0,1594,1907,796,85,890,1106,37,20.747550193111813,102.0
2021,58,1.83,71.0,1239,978,366,711,143,518,36,21.20099137030069,106.0
2021,62,1.87,68.0,158,265,49,26,84,104,28,19.445794846864363,71.0
2021,63,1.9,82.0,749,951,437,60,216,328,37,22.71468144044321,65.0
2021,65,1.77,61.0,993,4995,666,19,5690,1364,26,19.4707778735357,6.0
2021,67,1.77,61.0,13381,13732,4946,336,15230,7433,41,19.4707778735357,24.0
2021,73,1.85,65.0,754,6079,2699,84,5112,2562,30,18.991964937910883,5.0
2021,74,1.81,64.0,1499,2667,458,88,2686,1666,29,19.53542321662953,27.0
2021,75,1.91,75.0,1298,735,423,400,246,938,34,20.558646966914285,60.0
2021,76,1.92,80.0,2248,1025,1244,472,152,1439,27,21.70138888888889,99.0
2021,77,1.82,70.0,656,264,331,131,102,445,29,21.132713440405748,89.0
2021,78,1.82,66.0,450,285,129,81,243,631,23,19.925129815239703,95.0
2021,81,1.72,53.0,1762,3136,160,17,4052,1214,24,17.915089237425637,11.0
2021,82,1.9,72.0,127,677,1628,5,298,228,27,19.94459833795014,78.0
2021,84,1.9,80.0,722,371,1,261,20,281,33,22.1606648199446,137.0
2021,85,1.9,74.0,693,760,1344,2,80,135,35,20.498614958448755,132.0
2021,86,1.93,83.0,2900,1664,5799,406,526,1748,27,22.28247738194314,86.0
2021,87,1.79,71.0,3266,1207,93,190,1640,1784,24,22.15910864205237,38.0
2021,91,1.73,55.0,2570,3896,10,81,4014,1760,28,18.376825152861773,8.0
2021,93,1.71,64.0,1572,1563,668,24,1657,1033,35,21.887076365377386,58.0
2021,95,1.91,76.0,4166,950,901,2068,368,1738,28,20.83276225980648,90.0
2021,96,1.9,70.0,595,542,302,47,290,362,30,19.390581717451525,72.0
2021,98,1.85,77.0,1152,590,157,224,99,42,32,22.4981738495252,81.0
2021,102,1.83,75.0,1236,952,526,662,296,530,30,22.39541341933172,61.0
2021,103,1.88,76.0,4193,114,3,5334,4,462,28,21.50294250792214,139.0
2021,104,1.81,71.0,1190,1380,148,171,764,1007,29,21.672110130948383,29.0
2021,106,1.87,88.0,808,198,120,678,2,70,27,25.165146272412706,88.0
2021,107,1.75,74.0,1943,534,0,335,453,1530,31,24.163265306122447,116.0
2021,108,1.8,68.0,1293,646,185,36,284,658,28,20.98765432098765,117.0
2021,111,1.73,63.0,3086,5913,1804,60,6462,2170,34,21.04981790236894,10.0
2021,113,1.78,65.0,820,1548,36,112,1696,1281,26,20.515086478979924,18.0
2021,115,1.79,71.0,2927,1193,453,446,1013,1864,29,22.15910864205237,84.0
2021,116,1.84,68.0,1646,1453,825,1095,1188,2688,28,20.08506616257089,77.0
2021,117,1.83,67.0,2607,1569,891,238,1678,1109,24,20.00656932126967,47.0
2021,118,1.97,82.0,484,304,149,70,55,216,23,21.12911953412868,91.0
2021,122,1.9,74.0,1413,494,367,178,720,1628,25,20.498614958448755,51.0
2021,123,1.84,74.0,4340,1447,49,756,415,2328,30,21.85727788279773,55.0
2021,124,1.88,67.0,751,3432,596,40,3070,942,25,18.95654142145768,4.0
2021,125,1.84,64.0,907,1473,181,8,1456,728,25,18.90359168241966,15.0
2021,127,1.98,78.0,802,971,154,18,116,180,34,19.89592898683808,59.0
2021,134,1.81,63.0,400,771,12,20,618,424,26,19.23018222886969,62.0
2021,136,1.67,58.0,829,9465,1274,34,7897,1962,31,20.7967298935064,28.0
2021,138,1.9,75.0,738,599,307,213,152,415,25,20.775623268698062,83.0
2021,143,1.94,83.0,939,572,306,1265,39,748,25,22.053353172494425,103.0
2021,144,1.85,70.0,146,659,113,4,398,230,22,20.45288531775018,43.0
2021,145,1.92,75.0,756,279,222,722,0,262,23,20.34505208333333,114.0
2021,146,1.85,71.0,250,161,18,103,28,156,25,20.74506939371804,133.0
2021,147,1.86,71.0,574,477,303,210,81,303,25,20.52260376922188,113.0
2021,148,1.84,78.0,355,722,1105,106,73,420,28,23.03875236294896,108.0
2021,154,1.78,75.0,12530,4215,1430,1094,3214,5300,38,23.671253629592226,98.0
2021,155,1.92,83.0,472,515,490,259,68,174,35,22.51519097222222,130.0
2021,156,1.86,75.0,177,228,159,63,107,251,22,21.678806798473808,129.0
2021,162,1.74,60.0,1631,4751,1135,450,4896,2188,31,19.817677368212443,9.0
2021,163,1.76,74.0,5472,1172,142,1050,1006,3117,31,23.889462809917354,57.0
2021,164,1.78,72.0,1337,671,79,274,88,578,30,22.724403484408533,115.0
2021,165,1.86,71.0,2986,2331,352,696,1610,2820,26,20.52260376922188,31.0
2021,166,1.86,66.0,1038,5143,916,32,4986,1763,33,19.07734998265695,16.0
2021,167,1.81,64.0,2103,2800,575,116,2780,2256,29,19.53542321662953,17.0
2021,168,1.84,75.0,730,375,441,196,348,1342,22,22.152646502835537,82.0
2021,171,1.78,72.0,7974,867,1678,1434,2279,7616,30,22.724403484408533,97.0
2021,172,1.64,55.0,1249,3376,225,164,3806,1415,31,20.449137418203453,13.0
2021,173,1.87,78.0,878,1306,2371,154,62,364,30,22.305470559638533,68.0
2021,175,1.87,83.0,836,548,44,293,116,432,27,23.735308416025617,138.0
2021,177,1.83,72.0,1611,640,33,1195,238,2216,33,21.49959688255845,105.0
2021,181,1.82,67.0,3654,6658,1693,191,5816,2402,36,20.227025721531216,39.0
2021,184,1.84,72.0,373,675,169,37,980,648,30,21.26654064272212,48.0
2021,186,1.82,72.0,761,1004,700,254,484,738,30,21.736505252988767,66.0
2021,187,1.73,60.0,2008,5429,3017,172,4548,2284,32,20.04744562130375,30.0
2021,188,1.74,74.0,2420,3216,1121,972,2690,1676,28,24.44180208746201,7.0
2021,191,1.7,61.0,1622,3623,561,37,3050,1570,33,21.10726643598616,21.0
2021,192,1.78,66.0,1195,487,0,547,120,740,30,20.83070319404116,125.0
2021,193,1.78,66.0,97,159,32,79,120,166,25,20.83070319404116,121.0
2021,198,1.99,90.0,1695,333,967,1969,17,410,28,22.72669882073685,93.0
2021,201,1.81,66.0,783,2317,1379,182,2293,1248,27,20.1459051921492,35.0
2021,205,1.74,62.0,164,476,122,11,204,282,27,20.478266613819528,123.0
2021,206,1.78,59.0,412,1355,88,2,1120,416,26,18.621386188612547,52.0
2021,208,1.78,70.0,2398,819,184,624,178,1058,27,22.09317005428608,96.0
2021,211,1.73,58.0,669,3277,347,100,3326,484,29,19.37919743392696,14.0
2021,212,1.77,67.0,1991,2656,314,100,1758,1818,35,21.38593635289987,64.0
2021,222,1.84,70.0,263,297,9,294,95,434,25,20.6758034026465,85.0
2021,223,1.8,70.0,639,396,25,84,508,556,26,21.604938271604937,22.0
2021,224,1.78,60.0,87,92,41,12,52,70,22,18.93700290367378,124.0
2021,225,1.69,65.0,1492,1018,95,40,780,726,33,22.758306781975424,74.0
2021,226,1.82,73.0,739,853,962,195,27,170,38,22.03840115928028,126.0
2021,227,1.79,62.0,876,1051,122,84,1034,1540,29,19.350207546580943,70.0
2021,228,1.84,70.0,502,3339,250,20,3300,642,34,20.6758034026465,49.0
2022,1,1.76,66.0,7677,6844,2703,194,8498,3706,23,21.306818181818183,2.0
2022,4,1.95,79.0,569,748,382,0,269,175,33,20.77580539119001,87.0
2022,6,1.83,69.0,1065,2388,2179,54,2074,1044,24,20.603780345785182,20.0
2022,8,1.74,61.0,5025,1436,334,75,2170,2298,23,20.147971991015982,69.0
2022,12,1.9,72.0,5252,1912,83,932,2687,3018,28,19.94459833795014,31.0
2022,14,1.82,61.0,193,2616,315,23,3328,570,27,18.41565028378215,18.0
2022,15,1.91,76.0,4166,950,901,2068,368,1738,29,20.83276225980648,56.0
2022,18,1.75,58.0,320,5026,2064,34,4390,1561,25,18.93877551020408,1.0
2022,21,1.83,71.0,1277,6411,5423,306,4205,2692,36,21.20099137030069,3.0
2022,23,1.71,62.0,263,2091,4574,1,1080,337,35,21.20310522895934,34.0
2022,24,1.93,83.0,997,981,5698,312,298,1140,25,22.28247738194314,71.0
2022,25,1.7,58.0,2730,1231,137,370,2028,1871,22,20.06920415224914,17.0
2022,26,1.85,72.0,1185,466,142,170,49,413,32,21.0372534696859,121.0
2022,28,1.73,58.0,2349,7079,1216,64,7222,2004,29,19.37919743392696,10.0
2022,34,1.79,65.0,3836,1039,330,272,936,1742,26,20.286507911738084,59.0
2022,35,1.76,74.0,746,628,78,276,204,474,24,23.889462809917354,58.0
2022,36,1.89,70.0,1245,2624,2692,403,1652,1282,29,19.59631589261219,12.0
2022,41,1.86,68.0,1438,3649,1094,96,4040,1438,26,19.65545149728292,5.0
2022,42,1.84,64.0,527,2739,1243,265,1547,1482,28,18.90359168241966,66.0
2022,43,1.78,72.0,1337,671,79,274,88,578,31,22.724403484408533,68.0
2022,45,1.81,64.0,1499,2667,458,88,2686,1666,30,19.53542321662953,16.0
2022,46,1.92,80.0,2248,1025,1244,472,152,1439,28,21.70138888888889,83.0
2022,47,1.83,71.0,1430,2161,1930,94,1962,1788,28,21.20099137030069,85.0
2022,51,1.81,78.0,1883,148,38,3676,6,654,25,23.80879704526724,105.0
2022,53,1.76,60.0,1531,347,113,15,1115,1166,23,19.3698347107438,80.0
2022,55,1.85,68.0,1090,570,133,82,558,929,25,19.86851716581446,127.0
2022,55,1.85,68.0,1090,570,133,82,558,929,25,19.86851716581446,133.0
2022,56,1.8,75.0,3492,1470,2455,1682,186,1172,31,23.148148148148145,99.0
2022,57,1.83,71.0,1239,978,366,711,143,518,37,21.20099137030069,109.0
2022,58,1.79,77.0,3074,731,203,1092,100,1251,28,24.031709372366656,98.0
2022,63,1.76,66.0,1422,2362,764,68,1924,1458,34,21.306818181818183,42.0
2022,64,1.9,69.0,927,2002,584,138,1564,1154,23,19.113573407202217,21.0
2022,65,1.8,64.0,853,837,239,74,963,462,28,19.753086419753085,28.0
2022,66,1.8,67.0,624,1209,3816,24,546,884,33,20.679012345679013,49.0
2022,67,1.8,70.0,179,185,75,128,27,80,32,21.604938271604937,129.0
2022,67,1.8,70.0,179,185,75,128,27,80,32,21.604938271604937,132.0
2022,68,1.86,68.0,462,1496,21,6,1294,384,29,19.65545149728292,32.0
2022,72,1.82,69.0,735,708,220,56,250,318,35,20.830817534114235,53.0
2022,73,1.71,64.0,1572,1563,668,24,1657,1033,36,21.887076365377386,44.0
2022,74,1.73,60.0,2008,5429,3017,172,4548,2284,33,20.04744562130375,39.0
2022,76,1.9,70.0,595,542,302,47,290,362,31,19.390581717451525,77.0
2022,77,1.79,68.0,393,911,1160,238,208,983,26,21.22280827689523,55.0
2022,78,1.99,90.0,1695,333,967,1969,17,410,29,22.72669882073685,113.0
2022,82,1.79,67.0,840,4788,1314,70,4552,1697,34,20.91070815517618,33.0
2022,83,1.94,83.0,231,578,719,78,8,37,31,22.053353172494425,120.0
2022,85,1.86,73.0,2016,5925,2994,72,3076,2537,38,21.10070528384784,14.0
2022,86,1.81,64.0,2103,2800,575,116,2780,2256,30,19.53542321662953,19.0
2022,88,1.84,75.0,730,375,441,196,348,1342,23,22.152646502835537,50.0
2022,91,1.72,53.0,1762,3136,160,17,4052,1214,25,17.915089237425637,4.0
2022,92,1.9,75.0,321,276,20,4,7,52,30,20.775623268698062,117.0
2022,93,1.93,73.0,602,440,242,53,282,328,25,19.59784155279337,62.0
2022,94,1.93,83.0,2900,1664,5799,406,526,1748,28,22.28247738194314,54.0
2022,96,1.79,71.0,3266,1207,93,190,1640,1784,25,22.15910864205237,11.0
2022,97,1.8,63.0,1919,6908,1547,4,7740,1538,32,19.444444444444443,15.0
2022,98,1.74,63.0,609,1837,139,0,1760,497,25,20.808561236623067,35.0
2022,102,1.83,75.0,1236,952,526,662,296,530,31,22.39541341933172,57.0
2022,104,1.84,71.0,738,319,167,508,66,334,30,20.97117202268431,101.0
2022,105,1.76,75.0,5089,574,154,5752,185,2358,24,24.21229338842976,82.0
2022,106,1.78,71.0,538,217,18,360,82,369,27,22.408786769347305,128.0
2022,106,1.78,71.0,538,217,18,360,82,369,27,22.408786769347305,131.0
2022,111,1.85,65.0,3401,6495,401,366,8511,2067,31,18.991964937910883,7.0
2022,113,1.8,82.0,6464,1231,297,3248,315,3315,33,25.30864197530864,103.0
2022,114,1.92,75.0,756,279,222,722,0,262,24,20.34505208333333,116.0
2022,115,1.78,70.0,260,848,74,10,540,408,27,22.09317005428608,38.0
2022,116,1.86,72.0,313,996,535,4,640,314,23,20.811654526534856,27.0
2022,117,1.88,70.0,187,560,313,28,197,254,28,19.80534178361249,100.0
2022,121,1.83,78.0,11319,2254,301,10136,480,5284,34,23.291229956104985,102.0
2022,122,1.88,73.0,813,784,111,117,340,663,30,20.65414214576732,110.0
2022,123,1.78,64.0,416,349,23,22,242,326,26,20.199469763918696,43.0
2022,124,1.73,58.0,669,3277,347,100,3326,484,30,19.37919743392696,8.0
2022,126,1.88,80.0,1853,385,365,665,8,141,31,22.634676324128566,81.0
2022,128,1.81,70.0,988,683,0,55,677,780,24,21.36686914318855,37.0
2022,131,1.74,74.0,2420,3216,1121,972,2690,1676,29,24.44180208746201,9.0
2022,133,1.85,68.0,65,1335,232,10,1023,118,31,19.86851716581446,45.0
2022,137,1.7,59.0,1852,509,55,45,934,1364,26,20.41522491349481,30.0
2022,141,1.73,63.0,3086,5913,1804,60,6462,2170,35,21.04981790236894,26.0
2022,143,1.8,69.0,2487,956,1106,288,978,2130,28,21.29629629629629,88.0
2022,144,1.81,78.0,466,247,2412,198,18,405,23,23.80879704526724,46.0
2022,145,1.81,71.0,734,538,265,110,117,432,29,21.672110130948383,67.0
2022,147,1.83,67.0,2607,1569,891,238,1678,1109,25,20.00656932126967,13.0
2022,148,1.97,82.0,484,304,149,70,55,216,24,21.12911953412868,86.0
2022,151,1.67,58.0,829,9465,1274,34,7897,1962,32,20.7967298935064,6.0
2022,154,1.86,69.0,2087,276,58,1174,127,856,29,19.944502254595903,89.0
2022,155,1.7,66.0,3247,175,0,2162,29,933,28,22.837370242214536,90.0
2022,157,1.8,66.0,371,608,98,60,83,76,32,20.37037037037037,95.0
2022,158,1.9,75.0,738,599,307,213,152,415,26,20.775623268698062,78.0
2022,161,1.65,69.0,2567,333,148,4395,186,2164,27,25.34435261707989,135.0
2022,162,1.93,84.0,482,136,281,176,1,9,29,22.55094096485812,107.0
2022,163,1.78,75.0,12530,4215,1430,1094,3214,5300,39,23.671253629592226,60.0
2022,167,1.93,81.0,1436,494,366,543,54,322,23,21.745550216113184,91.0
2022,168,1.82,71.0,4124,4296,1406,347,2405,2854,31,21.434609346697258,108.0
2022,171,1.8,76.0,4667,1527,1777,2738,448,3274,26,23.456790123456788,76.0
2022,172,1.76,58.0,1501,1843,117,2,3810,1097,27,18.72417355371901,61.0
2022,173,1.81,69.0,3129,2384,1086,161,2265,2392,34,21.06162815542871,41.0
2022,175,1.84,64.0,5218,6013,2080,179,7443,4110,35,18.90359168241966,25.0
2022,176,1.85,73.0,504,479,38,87,468,646,21,21.32943754565376,52.0
2022,178,1.87,78.0,4842,1314,284,1602,697,3441,30,22.305470559638533,75.0
2022,183,1.86,77.0,303,883,3562,86,18,138,37,22.25690831309978,125.0
2022,183,1.86,77.0,303,883,3562,86,18,138,37,22.25690831309978,130.0
2022,185,1.81,66.0,783,2317,1379,182,2293,1248,28,20.1459051921492,47.0
2022,191,1.86,68.0,385,8296,4389,188,6508,2328,37,19.65545149728292,63.0
2022,192,1.8,78.0,1436,457,153,301,66,362,33,24.07407407407408,118.0
2022,195,1.68,58.0,27,169,55,0,33,14,28,20.5498866213152,111.0
2022,196,1.82,72.0,761,1004,700,254,484,738,31,21.736505252988767,24.0
2022,197,1.89,69.0,789,722,250,96,428,625,27,19.31636852271773,48.0
2022,198,1.75,62.0,3257,2295,40,188,4494,1787,35,20.244897959183675,36.0
2022,201,1.78,72.0,7974,867,1678,1434,2279,7616,31,22.724403484408533,94.0
2022,202,1.91,74.0,702,775,773,60,120,206,37,20.28453167402209,122.0
2022,203,1.87,78.0,878,1306,2371,154,62,364,31,22.305470559638533,114.0
2022,204,1.77,70.0,4065,385,15,8072,38,1031,29,22.34351559258195,104.0
2022,205,1.87,83.0,836,548,44,293,116,432,28,23.735308416025617,115.0
2022,207,1.83,72.0,1611,640,33,1195,238,2216,34,21.49959688255845,123.0
2022,208,1.8,68.0,432,842,65,15,910,634,27,20.98765432098765,23.0
2022,211,1.8,70.0,639,396,25,84,508,556,27,21.604938271604937,51.0
2022,212,1.84,70.0,263,297,9,294,95,434,26,20.6758034026465,74.0
2022,213,1.76,70.0,585,659,556,80,162,284,29,22.59814049586777,65.0
2022,214,1.89,70.0,411,32,18,496,0,46,27,19.59631589261219,79.0
2022,215,1.82,73.0,739,853,962,195,27,170,39,22.03840115928028,97.0
2022,216,1.78,67.0,1975,161,0,1188,6,771,24,21.146319909102385,96.0
2023,1,1.75,58.0,320,5026,2064,34,4390,1561,26,18.93877551020408,1.0
2023,2,1.9,72.0,5252,1912,83,932,2687,3018,29,19.94459833795014,24.0
2023,3,1.85,65.0,754,6079,2699,84,5112,2562,32,18.991964937910883,18.0
2023,4,1.82,61.0,193,2616,315,23,3328,570,28,18.41565028378215,12.0
2023,5,1.91,76.0,4166,950,901,2068,368,1738,30,20.83276225980648,73.0
2023,11,1.76,66.0,7677,6844,2703,194,8498,3706,24,21.306818181818183,2.0
2023,12,1.91,78.0,511,437,2295,146,116,322,24,21.380992845590857,130.0
2023,14,1.84,64.0,527,2739,1243,265,1547,1482,29,18.90359168241966,23.0
2023,15,1.95,79.0,569,748,382,0,269,175,34,20.77580539119001,102.0
2023,16,1.73,62.0,1184,5689,919,40,6358,1922,33,20.715693808680545,14.0
2023,17,1.86,68.0,295,2575,774,8,2949,1244,29,19.65545149728292,48.0
2023,18,1.79,74.0,5446,1019,334,1994,1014,4131,33,23.095409007209515,119.0
2023,19,1.73,58.0,2349,7079,1216,64,7222,2004,30,19.37919743392696,3.0
2023,21,1.75,60.0,933,4611,596,120,4134,1236,26,19.59183673469388,33.0
2023,22,1.71,62.0,263,2091,4574,1,1080,337,36,21.20310522895934,15.0
2023,23,1.84,72.0,373,675,169,37,980,648,32,21.26654064272212,50.0
2023,26,1.7,58.0,2730,1231,137,370,2028,1871,23,20.06920415224914,13.0
2023,27,1.83,67.0,503,2483,447,14,2367,527,22,20.00656932126967,5.0
2023,31,1.72,53.0,1762,3136,160,17,4052,1214,26,17.915089237425637,9.0
2023,33,1.93,83.0,2900,1664,5799,406,526,1748,29,22.28247738194314,53.0
2023,35,1.79,71.0,3266,1207,93,190,1640,1784,26,22.15910864205237,20.0
2023,36,1.79,62.0,876,1051,122,84,1034,1540,31,19.350207546580943,52.0
2023,37,1.8,63.0,1919,6908,1547,4,7740,1538,33,19.444444444444443,11.0
2023,42,1.8,73.0,671,1518,1228,54,1046,566,36,22.530864197530864,125.0
2023,43,1.8,69.0,2487,956,1106,288,978,2130,29,21.29629629629629,84.0
2023,46,1.83,67.0,2607,1569,891,238,1678,1109,26,20.00656932126967,57.0
2023,51,1.73,62.0,6670,2738,1430,774,5331,4658,31,20.715693808680545,34.0
2023,52,1.93,75.0,1615,821,2406,303,504,1518,28,20.13476871862332,97.0
2023,53,1.86,78.0,469,981,2778,112,298,756,27,22.54595907041276,63.0
2023,54,1.9,78.0,765,475,26,442,52,90,34,21.606648199445985,109.0
2023,55,1.77,65.0,1594,1907,796,85,890,1106,39,20.747550193111813,110.0
2023,57,1.8,75.0,3492,1470,2455,1682,186,1172,32,23.148148148148145,111.0
2023,58,1.83,71.0,1239,978,366,711,143,518,38,21.20099137030069,150.0
2023,62,1.72,61.0,1017,6401,298,28,7045,1186,33,20.61925365062196,19.0
2023,63,1.87,77.5,895,795,1018,404,467,1651,31,22.162486773999824,127.0
2023,64,1.84,75.0,924,266,1,2216,0,1687,28,22.152646502835537,146.0
2023,65,1.74,60.0,1631,4751,1135,450,4896,2188,33,19.817677368212443,6.0
2023,66,1.9,67.0,687,3023,316,27,2506,1069,29,18.5595567867036,28.0
2023,68,1.86,66.0,1038,5143,916,32,4986,1763,35,19.07734998265695,27.0
2023,71,1.75,60.0,460,3312,153,16,3082,780,27,19.59183673469388,7.0
2023,72,1.8,59.0,816,3249,233,80,2960,840,30,18.20987654320988,21.0
2023,73,1.78,72.0,1337,671,79,274,88,578,32,22.724403484408533,80.0
2023,74,1.89,70.0,1245,2624,2692,403,1652,1282,30,19.59631589261219,26.0
2023,75,1.81,64.0,1499,2667,458,88,2686,1666,31,19.53542321662953,72.0
2023,76,1.9,80.0,1906,86,60,1638,32,729,25,22.1606648199446,118.0
2023,77,1.92,80.0,2248,1025,1244,472,152,1439,29,21.70138888888889,96.0
2023,81,1.76,58.0,1501,1843,117,2,3810,1097,28,18.72417355371901,31.0
2023,82,1.81,69.0,3129,2384,1086,161,2265,2392,35,21.06162815542871,71.0
2023,83,1.8,65.0,1386,2225,1084,126,2108,1408,22,20.061728395061728,29.0
2023,84,1.94,78.0,632,504,705,327,127,471,31,20.724837921139336,116.0
2023,86,1.8,76.0,4667,1527,1777,2738,448,3274,27,23.456790123456788,91.0
2023,88,1.87,78.0,4842,1314,284,1602,697,3441,31,22.305470559638533,75.0
2023,91,1.88,67.0,751,3432,596,40,3070,942,27,18.95654142145768,17.0
2023,92,1.84,68.0,583,642,20,2,684,334,25,20.08506616257089,25.0
2023,93,1.79,65.0,3836,1039,330,272,936,1742,27,20.286507911738084,87.0
2023,94,1.76,74.0,746,628,78,276,204,474,25,23.889462809917354,76.0
2023,95,1.8,66.0,324,1195,97,2,2060,334,25,20.37037037037037,8.0
2023,96,1.84,74.0,4340,1447,49,756,415,2328,32,21.85727788279773,74.0
2023,97,1.84,64.0,907,1473,181,8,1456,728,27,18.90359168241966,37.0
2023,98,1.77,72.0,610,484,90,80,530,265,29,22.981901752370007,56.0
2023,102,1.83,75.0,1236,952,526,662,296,530,32,22.39541341933172,121.0
2023,103,1.86,71.0,583,486,76,34,292,364,29,20.52260376922188,112.0
2023,104,1.74,62.0,929,678,89,210,583,1250,27,20.478266613819528,147.0
2023,106,1.76,75.0,5089,574,154,5752,185,2358,25,24.21229338842976,90.0
2023,107,1.87,88.0,808,198,120,678,2,70,29,25.165146272412706,143.0
2023,108,1.93,77.0,898,578,72,164,1,90,34,20.671695884453275,141.0
2023,111,1.84,70.0,3008,90,112,1276,238,1907,23,20.6758034026465,94.0
2023,112,1.84,70.0,1061,1317,188,178,1055,1059,30,20.6758034026465,86.0
2023,113,1.82,69.0,4401,6234,1621,97,5354,2698,36,20.830817534114235,85.0
2023,115,1.88,80.0,1853,385,365,665,8,141,32,22.634676324128566,120.0
2023,116,1.79,67.0,1192,814,71,244,334,1343,30,20.91070815517618,100.0
2023,117,1.84,73.0,2396,1411,338,1770,192,1434,30,21.56190926275992,105.0
2023,118,1.81,70.0,988,683,0,55,677,780,25,21.36686914318855,45.0
2023,121,1.73,55.0,2570,3896,10,81,4014,1760,30,18.376825152861773,10.0
2023,122,1.71,59.0,3161,1240,289,3304,210,2571,31,20.177148524332274,92.0
2023,124,1.73,60.0,2008,5429,3017,172,4548,2284,34,20.04744562130375,39.0
2023,125,1.77,65.0,532,536,13,13,630,522,27,20.747550193111813,70.0
2023,126,1.9,70.0,595,542,302,47,290,362,32,19.390581717451525,107.0
2023,128,1.73,67.0,1700,591,191,475,254,994,24,22.386314277122523,131.0
2023,133,1.78,63.0,2336,928,301,376,1705,2475,27,19.883853048857468,64.0
2023,134,1.76,66.0,1422,2362,764,68,1924,1458,35,21.306818181818183,40.0
2023,136,1.8,64.0,853,837,239,74,963,462,29,19.753086419753085,35.0
2023,137,1.8,67.0,624,1209,3816,24,546,884,34,20.679012345679013,61.0
2023,142,1.8,82.0,6464,1231,297,3248,315,3315,34,25.30864197530864,122.0
2023,145,1.92,75.0,756,279,222,722,0,262,25,20.34505208333333,138.0
2023,146,1.78,70.0,260,848,74,10,540,408,28,22.09317005428608,38.0
2023,147,1.81,67.0,550,599,11,14,470,524,22,20.45114617990904,54.0
2023,148,1.8,79.0,645,200,78,1289,0,156,27,24.382716049382715,124.0
2023,151,1.75,62.0,3257,2295,40,188,4494,1787,36,20.244897959183675,44.0
2023,152,1.8,78.0,1436,457,153,301,66,362,34,24.07407407407408,113.0
2023,154,1.82,72.0,761,1004,700,254,484,738,32,21.736505252988767,62.0
2023,155,1.89,69.0,789,722,250,96,428,625,28,19.31636852271773,41.0
2023,157,1.73,63.0,1409,377,30,322,441,1646,23,21.04981790236894,93.0
2023,158,1.81,64.0,2103,2800,575,116,2780,2256,31,19.53542321662953,36.0
2023,161,1.72,58.0,1188,5805,1215,36,6211,1839,30,19.60519199567334,4.0
2023,162,1.78,69.0,211,862,1540,41,522,500,31,21.777553339224845,58.0
2023,163,1.87,78.0,878,1306,2371,154,62,364,32,22.305470559638533,135.0
2023,164,1.77,70.0,4065,385,15,8072,38,1031,30,22.34351559258195,137.0
2023,165,1.85,67.0,435,1141,294,68,894,248,28,19.576333089846603,16.0
2023,166,1.83,73.0,697,1137,357,2,154,218,33,21.798202394816204,115.0
2023,167,1.83,72.0,1611,640,33,1195,238,2216,35,21.49959688255845,108.0
2023,168,1.9,78.1,519,171,131,682,22,74,31,21.634349030470915,136.0
2023,171,1.83,61.0,2731,3000,100,278,3917,1970,31,18.21493624772313,22.0
2023,173,1.8,61.0,1155,764,71,32,1512,1038,25,18.82716049382716,42.0
2023,174,1.81,65.0,1247,950,591,50,216,400,33,19.84066420438937,66.0
2023,175,1.8,66.0,191,200,3,58,372,242,26,20.37037037037037,67.0
2023,176,1.87,77.0,1066,133,67,106,64,625,23,22.019502988361115,101.0
2023,177,1.78,67.0,1975,161,0,1188,6,771,25,21.146319909102385,104.0
2023,178,1.78,69.0,1733,684,84,128,92,314,36,21.777553339224845,132.0
2023,181,1.65,69.0,2567,333,148,4395,186,2164,28,25.34435261707989,142.0
2023,182,1.73,68.0,784,945,3553,200,378,776,31,22.72043837081092,82.0
2023,184,1.85,72.0,654,448,206,232,158,443,26,21.0372534696859,68.0
2023,185,1.93,84.0,482,136,281,176,1,9,30,22.55094096485812,129.0
2023,186,1.9,80.0,722,371,1,261,20,281,35,22.1606648199446,144.0
2023,188,1.93,81.0,1436,494,366,543,54,322,24,21.745550216113184,103.0
2023,192,1.94,83.0,939,572,306,1265,39,748,27,22.053353172494425,126.0
2023,194,1.93,80.0,644,195,345,196,26,144,23,21.47708663319821,123.0
2023,195,1.74,74.0,2420,3216,1121,972,2690,1676,30,24.44180208746201,65.0
2023,196,1.8,71.0,1918,962,606,232,822,760,29,21.91358024691358,133.0
2023,198,1.8,63.0,96,760,318,8,658,662,26,19.444444444444443,32.0
2023,201,1.83,78.0,11319,2254,301,10136,480,5284,35,23.291229956104985,117.0
2023,202,1.83,78.0,677,149,11,292,86,242,27,23.291229956104985,77.0
2023,203,1.82,66.0,113,622,61,16,216,296,25,19.925129815239703,78.0
2023,204,1.76,62.0,767,1123,61,28,1142,917,23,20.0154958677686,30.0
2023,205,1.87,84.0,1815,281,118,668,82,584,26,24.021275987303035,95.0
2023,207,1.95,92.0,802,625,810,581,28,315,23,24.194608809993422,134.0
2023,208,1.84,66.0,156,501,39,8,224,226,26,19.494328922495274,69.0
2023,211,1.82,78.0,9426,1797,1335,5996,2578,8566,33,23.54788069073783,106.0
2023,213,1.68,61.0,761,513,28,18,572,782,24,21.612811791383223,43.0
2023,215,1.74,67.0,684,166,59,10,92,342,25,22.12973972783723,60.0
2023,216,1.81,66.0,783,2317,1379,182,2293,1248,29,20.1459051921492,79.0
2023,217,1.91,75.0,1298,735,423,400,246,938,36,20.558646966914285,83.0
2024,1,1.75,58.0,320,5026,2064,34,4390,1561,27,18.93877551020408,2.0
2024,2,1.9,72.0,5252,1912,83,932,2687,3018,30,19.94459833795014,55.0
2024,3,1.9,69.0,927,2002,584,138,1564,1154,25,19.113573407202217,8.0
2024,4,1.85,65.0,754,6079,2699,84,5112,2562,33,18.991964937910883,23.0
2024,5,1.91,76.0,4166,950,901,2068,368,1738,31,20.83276225980648,113.0
2024,11,1.76,66.0,7677,6844,2703,194,8498,3706,25,21.306818181818183,1.0
2024,12,1.78,63.0,431,4704,2644,47,4249,1294,25,19.883853048857468,4.0
2024,13,1.83,65.0,1082,2055,1205,12,2125,846,21,19.40935829675416,16.0
2024,14,1.92,80.0,2248,1025,1244,472,152,1439,30,21.70138888888889,111.0
2024,15,1.88,70.0,1028,2593,506,26,1998,628,26,19.80534178361249,27.0
2024,16,1.86,68.0,295,2575,774,8,2949,1244,30,19.65545149728292,77.0
2024,18,1.73,58.0,2349,7079,1216,64,7222,2004,31,19.37919743392696,6.0
2024,21,1.72,58.0,1188,5805,1215,36,6211,1839,31,19.60519199567334,44.0
2024,23,1.77,70.0,4065,385,15,8072,38,1031,31,22.34351559258195,117.0
2024,24,1.85,67.0,435,1141,294,68,894,248,29,19.576333089846603,38.0
2024,26,1.78,72.0,7974,867,1678,1434,2279,7616,33,22.724403484408533,110.0
2024,27,1.83,72.0,1611,640,33,1195,238,2216,36,21.49959688255845,126.0
2024,31,1.83,67.0,503,2483,447,14,2367,527,23,20.00656932126967,7.0
2024,32,1.75,60.0,933,4611,596,120,4134,1236,27,19.59183673469388,12.0
2024,33,1.71,62.0,263,2091,4574,1,1080,337,37,21.20310522895934,74.0
2024,36,1.7,58.0,2730,1231,137,370,2028,1871,24,20.06920415224914,52.0
2024,41,1.76,58.0,1501,1843,117,2,3810,1097,29,18.72417355371901,21.0
2024,43,1.9,78.0,765,475,26,442,52,90,35,21.606648199445985,136.0
2024,44,1.82,70.0,926,513,411,522,320,1004,29,21.132713440405748,69.0
2024,45,1.8,76.0,4667,1527,1777,2738,448,3274,28,23.456790123456788,98.0
2024,46,1.81,70.0,2776,948,353,739,1296,1301,33,21.36686914318855,88.0
2024,47,1.87,78.0,4842,1314,284,1602,697,3441,32,22.305470559638533,62.0
2024,51,1.8,66.0,324,1195,97,2,2060,334,26,20.37037037037037,13.0
2024,53,1.78,73.0,2662,556,135,4424,130,1900,33,23.04002019946976,107.0
2024,54,1.9,74.0,1413,494,367,178,720,1628,28,20.498614958448755,80.0
2024,55,1.76,64.0,708,176,70,128,134,440,24,20.66115702479339,91.0
2024,56,1.84,74.0,4340,1447,49,756,415,2328,33,21.85727788279773,93.0
2024,58,1.74,63.0,178,562,32,15,603,236,27,20.808561236623067,50.0
2024,61,1.74,60.0,1631,4751,1135,450,4896,2188,34,19.817677368212443,31.0
2024,64,1.74,59.0,514,1648,202,43,1835,674,24,19.487382745408905,10.0
2024,65,1.9,67.0,687,3023,316,27,2506,1069,30,18.5595567867036,35.0
2024,66,1.86,71.0,2986,2331,352,696,1610,2820,29,20.52260376922188,72.0
2024,71,1.71,61.0,3370,4254,4131,120,4068,1544,24,20.86111966075032,3.0
2024,73,1.8,75.0,3492,1470,2455,1682,186,1172,33,23.148148148148145,114.0
2024,74,1.72,61.0,1017,6401,298,28,7045,1186,34,20.61925365062196,5.0
2024,75,1.8,71.0,1918,962,606,232,822,760,30,21.91358024691358,121.0
2024,83,1.78,72.0,1337,671,79,274,88,578,33,22.724403484408533,82.0
2024,84,1.75,60.0,460,3312,153,16,3082,780,28,19.59183673469388,14.0
2024,85,1.89,70.0,1245,2624,2692,403,1652,1282,31,19.59631589261219,60.0
2024,91,1.72,53.0,1762,3136,160,17,4052,1214,27,17.915089237425637,19.0
2024,93,1.76,64.0,1103,718,270,41,928,1126,21,20.66115702479339,25.0
2024,94,1.93,83.0,2900,1664,5799,406,526,1748,30,22.28247738194314,71.0
2024,95,1.79,71.0,3266,1207,93,190,1640,1784,27,22.15910864205237,20.0
2024,96,1.68,52.0,866,966,217,4,1337,378,20,18.42403628117914,28.0
2024,97,1.79,62.0,876,1051,122,84,1034,1540,32,19.350207546580943,65.0
2024,102,1.83,75.0,1236,952,526,662,296,530,33,22.39541341933172,138.0
2024,106,1.76,75.0,5089,574,154,5752,185,2358,26,24.21229338842976,96.0
2024,107,1.87,88.0,808,198,120,678,2,70,30,25.165146272412706,123.0
2024,111,1.7,62.0,1262,4060,551,88,4822,1735,31,21.45328719723184,11.0
2024,112,1.8,69.0,2487,956,1106,288,978,2130,30,21.29629629629629,90.0
2024,115,1.75,65.0,1284,504,470,40,957,480,23,21.22448979591837,84.0
2024,116,1.83,67.0,2607,1569,891,238,1678,1109,27,20.00656932126967,83.0
2024,123,1.73,68.0,784,945,3553,200,378,776,32,22.72043837081092,36.0
2024,131,1.83,59.0,437,811,8,41,424,784,28,17.617725223207618,56.0
2024,133,1.8,78.0,1436,457,153,301,66,362,35,24.07407407407408,124.0
2024,135,1.89,72.0,126,1005,636,46,1018,471,26,20.15621063240111,9.0
2024,136,1.82,72.0,761,1004,700,254,484,738,33,21.736505252988767,85.0
2024,137,1.89,69.0,789,722,250,96,428,625,29,19.31636852271773,32.0
2024,141,1.73,55.0,2570,3896,10,81,4014,1760,31,18.376825152861773,18.0
2024,143,1.71,59.0,3161,1240,289,3304,210,2571,32,20.177148524332274,100.0
2024,146,1.73,60.0,2008,5429,3017,172,4548,2284,35,20.04744562130375,41.0
2024,148,1.73,67.0,1700,591,191,475,254,994,25,22.386314277122523,101.0
2024,151,1.77,61.0,993,4995,666,19,5690,1364,29,19.4707778735357,15.0
2024,152,1.78,63.0,2336,928,301,376,1705,2475,28,19.883853048857468,40.0
2024,155,1.89,74.0,454,436,202,66,244,370,24,20.71610537219003,22.0
2024,156,1.8,64.0,853,837,239,74,963,462,30,19.753086419753085,54.0
2024,157,1.8,67.0,624,1209,3816,24,546,884,35,20.679012345679013,58.0
2024,158,1.84,70.0,228,636,54,14,343,309,25,20.6758034026465,89.0
2024,161,1.76,69.0,776,1127,792,76,688,789,23,22.27530991735537,34.0
2024,163,1.8,61.0,1155,764,71,32,1512,1038,26,18.82716049382716,45.0
2024,167,1.78,67.0,1975,161,0,1188,6,771,26,21.146319909102385,97.0
2024,168,1.78,59.0,412,1355,88,2,1120,416,29,18.621386188612547,33.0
2024,171,1.73,58.0,669,3277,347,100,3326,484,32,19.37919743392696,30.0
2024,172,1.84,70.0,3008,90,112,1276,238,1907,24,20.6758034026465,64.0
2024,176,1.84,73.0,2396,1411,338,1770,192,1434,31,21.56190926275992,87.0
2024,177,1.74,74.0,1842,66,21,2182,2,45,26,24.44180208746201,127.0
2024,178,1.81,70.0,988,683,0,55,677,780,26,21.36686914318855,42.0
2024,181,1.85,65.0,3401,6495,401,366,8511,2067,33,18.991964937910883,61.0
2024,182,1.83,61.0,2731,3000,100,278,3917,1970,32,18.21493624772313,92.0
2024,183,1.8,82.0,6464,1231,297,3248,315,3315,35,25.30864197530864,132.0
2024,184,1.92,75.0,756,279,222,722,0,262,26,20.34505208333333,128.0
2024,186,1.73,62.0,225,1371,127,5,1048,826,21,20.715693808680545,57.0
2024,193,1.94,83.0,939,572,306,1265,39,748,28,22.053353172494425,129.0
2024,194,1.93,80.0,644,195,345,196,26,144,24,21.47708663319821,131.0
2024,196,1.74,74.0,2420,3216,1121,972,2690,1676,31,24.44180208746201,24.0
2024,197,1.83,71.0,1239,978,366,711,143,518,39,21.20099137030069,137.0
2024,198,1.8,63.0,96,760,318,8,658,662,27,19.444444444444443,48.0
2024,201,1.84,68.0,1646,1453,825,1095,1188,2688,31,20.08506616257089,70.0
2024,203,1.81,75.0,832,1145,55,18,846,938,29,22.89307408198773,95.0
2024,204,1.76,62.0,767,1123,61,28,1142,917,24,20.0154958677686,26.0
2024,205,1.83,78.0,11319,2254,301,10136,480,5284,36,23.291229956104985,119.0
2024,207,1.87,84.0,1815,281,118,668,82,584,27,24.021275987303035,115.0
2024,208,1.95,92.0,802,625,810,581,28,315,24,24.194608809993422,134.0
2024,216,1.76,59.0,407,380,5,3,502,282,25,19.047004132231404,66.0
2024,217,1.78,70.0,2398,819,184,624,178,1058,30,22.09317005428608,86.0
